file,line,type,commit,author,date,time,timezone,datetime,depth,length
style.css,1,css,9f50c678,sopannair,2025-10-17,20:19:59,-07:00,2025-10-17T20:19:59-07:00,0,5
style.css,2,css,9f50c678,sopannair,2025-10-17,20:19:59,-07:00,2025-10-17T20:19:59-07:00,1,23
style.css,3,css,9f50c678,sopannair,2025-10-17,20:19:59,-07:00,2025-10-17T20:19:59-07:00,1,24
style.css,4,css,88d23a6b,sopannair,2025-10-10,22:39:16,-07:00,2025-10-10T22:39:16-07:00,0,0
style.css,5,css,88d23a6b,sopannair,2025-10-10,22:39:16,-07:00,2025-10-10T22:39:16-07:00,0,0
style.css,6,css,9f50c678,sopannair,2025-10-17,20:19:59,-07:00,2025-10-17T20:19:59-07:00,0,13
style.css,7,css,9f50c678,sopannair,2025-10-17,20:19:59,-07:00,2025-10-17T20:19:59-07:00,1,17
style.css,8,css,9f50c678,sopannair,2025-10-17,20:19:59,-07:00,2025-10-17T20:19:59-07:00,1,8
style.css,9,css,9f50c678,sopannair,2025-10-17,20:19:59,-07:00,2025-10-17T20:19:59-07:00,1,10
style.css,10,css,9f50c678,sopannair,2025-10-17,20:19:59,-07:00,2025-10-17T20:19:59-07:00,0,0
style.css,11,css,9f50c678,sopannair,2025-10-17,20:19:59,-07:00,2025-10-17T20:19:59-07:00,1,69
style.css,12,css,9f50c678,sopannair,2025-10-17,20:19:59,-07:00,2025-10-17T20:19:59-07:00,1,22
style.css,13,css,9f50c678,sopannair,2025-10-17,20:19:59,-07:00,2025-10-17T20:19:59-07:00,1,20
style.css,14,css,9f50c678,sopannair,2025-10-17,20:19:59,-07:00,2025-10-17T20:19:59-07:00,1,16
style.css,15,css,9f50c678,sopannair,2025-10-17,20:19:59,-07:00,2025-10-17T20:19:59-07:00,1,15
style.css,16,css,9f50c678,sopannair,2025-10-17,20:19:59,-07:00,2025-10-17T20:19:59-07:00,1,36
style.css,17,css,9f50c678,sopannair,2025-10-17,20:19:59,-07:00,2025-10-17T20:19:59-07:00,0,0
style.css,18,css,9f50c678,sopannair,2025-10-17,20:19:59,-07:00,2025-10-17T20:19:59-07:00,0,0
style.css,19,css,9f50c678,sopannair,2025-10-17,20:19:59,-07:00,2025-10-17T20:19:59-07:00,0,0
style.css,20,css,9f50c678,sopannair,2025-10-17,20:19:59,-07:00,2025-10-17T20:19:59-07:00,0,19
style.css,21,css,9f50c678,sopannair,2025-10-17,20:19:59,-07:00,2025-10-17T20:19:59-07:00,1,9
style.css,22,css,9f50c678,sopannair,2025-10-17,20:19:59,-07:00,2025-10-17T20:19:59-07:00,0,0
style.css,23,css,9f50c678,sopannair,2025-10-17,20:19:59,-07:00,2025-10-17T20:19:59-07:00,0,0
style.css,24,css,9f50c678,sopannair,2025-10-17,20:19:59,-07:00,2025-10-17T20:19:59-07:00,0,20
style.css,25,css,9f50c678,sopannair,2025-10-17,20:19:59,-07:00,2025-10-17T20:19:59-07:00,1,18
style.css,26,css,9f50c678,sopannair,2025-10-17,20:19:59,-07:00,2025-10-17T20:19:59-07:00,1,21
style.css,27,css,9f50c678,sopannair,2025-10-17,20:19:59,-07:00,2025-10-17T20:19:59-07:00,1,12
style.css,28,css,9f50c678,sopannair,2025-10-17,20:19:59,-07:00,2025-10-17T20:19:59-07:00,0,0
style.css,29,css,9f50c678,sopannair,2025-10-17,20:19:59,-07:00,2025-10-17T20:19:59-07:00,0,0
style.css,30,css,9f50c678,sopannair,2025-10-17,20:19:59,-07:00,2025-10-17T20:19:59-07:00,0,0
style.css,31,css,88d23a6b,sopannair,2025-10-10,22:39:16,-07:00,2025-10-10T22:39:16-07:00,0,4
style.css,32,css,88d23a6b,sopannair,2025-10-10,22:39:16,-07:00,2025-10-10T22:39:16-07:00,1,32
style.css,33,css,9f50c678,sopannair,2025-10-17,20:19:59,-07:00,2025-10-17T20:19:59-07:00,1,0
style.css,34,css,88d23a6b,sopannair,2025-10-10,22:39:16,-07:00,2025-10-10T22:39:16-07:00,0,0
style.css,35,css,88d23a6b,sopannair,2025-10-10,22:39:16,-07:00,2025-10-10T22:39:16-07:00,0,0
style.css,36,css,bf4bcc74,sopannair,2025-10-03,22:05:59,-07:00,2025-10-03T22:05:59-07:00,0,4
style.css,37,css,88d23a6b,sopannair,2025-10-10,22:39:16,-07:00,2025-10-10T22:39:16-07:00,1,57
style.css,38,css,88d23a6b,sopannair,2025-10-10,22:39:16,-07:00,2025-10-10T22:39:16-07:00,1,15
style.css,39,css,88d23a6b,sopannair,2025-10-10,22:39:16,-07:00,2025-10-10T22:39:16-07:00,1,18
style.css,40,css,88d23a6b,sopannair,2025-10-10,22:39:16,-07:00,2025-10-10T22:39:16-07:00,1,12
style.css,41,css,83190547,sopannair,2025-10-10,20:29:41,-07:00,2025-10-10T20:29:41-07:00,1,29
style.css,42,css,83190547,sopannair,2025-10-10,20:29:41,-07:00,2025-10-10T20:29:41-07:00,1,15
style.css,43,css,88d23a6b,sopannair,2025-10-10,22:39:16,-07:00,2025-10-10T22:39:16-07:00,0,0
style.css,44,css,88d23a6b,sopannair,2025-10-10,22:39:16,-07:00,2025-10-10T22:39:16-07:00,0,23
style.css,45,css,88d23a6b,sopannair,2025-10-10,22:39:16,-07:00,2025-10-10T22:39:16-07:00,0,5
style.css,46,css,88d23a6b,sopannair,2025-10-10,22:39:16,-07:00,2025-10-10T22:39:16-07:00,0,6
style.css,47,css,88d23a6b,sopannair,2025-10-10,22:39:16,-07:00,2025-10-10T22:39:16-07:00,1,16
style.css,48,css,88d23a6b,sopannair,2025-10-10,22:39:16,-07:00,2025-10-10T22:39:16-07:00,0,0
style.css,49,css,88d23a6b,sopannair,2025-10-10,22:39:16,-07:00,2025-10-10T22:39:16-07:00,0,0
style.css,50,css,88d23a6b,sopannair,2025-10-10,22:39:16,-07:00,2025-10-10T22:39:16-07:00,0,36
style.css,51,css,88d23a6b,sopannair,2025-10-10,22:39:16,-07:00,2025-10-10T22:39:16-07:00,0,3
style.css,52,css,88d23a6b,sopannair,2025-10-10,22:39:16,-07:00,2025-10-10T22:39:16-07:00,1,12
style.css,53,css,88d23a6b,sopannair,2025-10-10,22:39:16,-07:00,2025-10-10T22:39:16-07:00,1,46
style.css,54,css,9f50c678,sopannair,2025-10-17,20:19:59,-07:00,2025-10-17T20:19:59-07:00,1,41
style.css,55,css,9f50c678,sopannair,2025-10-17,20:19:59,-07:00,2025-10-17T20:19:59-07:00,0,0
style.css,56,css,9f50c678,sopannair,2025-10-17,20:19:59,-07:00,2025-10-17T20:19:59-07:00,0,0
style.css,57,css,88d23a6b,sopannair,2025-10-10,22:39:16,-07:00,2025-10-10T22:39:16-07:00,0,0
style.css,58,css,88d23a6b,sopannair,2025-10-10,22:39:16,-07:00,2025-10-10T22:39:16-07:00,0,0
style.css,59,css,88d23a6b,sopannair,2025-10-10,22:39:16,-07:00,2025-10-10T22:39:16-07:00,0,23
style.css,60,css,88d23a6b,sopannair,2025-10-10,22:39:16,-07:00,2025-10-10T22:39:16-07:00,0,5
style.css,61,css,88d23a6b,sopannair,2025-10-10,22:39:16,-07:00,2025-10-10T22:39:16-07:00,1,59
style.css,62,css,88d23a6b,sopannair,2025-10-10,22:39:16,-07:00,2025-10-10T22:39:16-07:00,1,50
style.css,63,css,88d23a6b,sopannair,2025-10-10,22:39:16,-07:00,2025-10-10T22:39:16-07:00,1,64
style.css,64,css,88d23a6b,sopannair,2025-10-10,22:39:16,-07:00,2025-10-10T22:39:16-07:00,1,50
style.css,65,css,88d23a6b,sopannair,2025-10-10,22:39:16,-07:00,2025-10-10T22:39:16-07:00,1,60
style.css,66,css,88d23a6b,sopannair,2025-10-10,22:39:16,-07:00,2025-10-10T22:39:16-07:00,0,0
style.css,67,css,88d23a6b,sopannair,2025-10-10,22:39:16,-07:00,2025-10-10T22:39:16-07:00,0,0
style.css,68,css,88d23a6b,sopannair,2025-10-10,22:39:16,-07:00,2025-10-10T22:39:16-07:00,0,31
style.css,69,css,88d23a6b,sopannair,2025-10-10,22:39:16,-07:00,2025-10-10T22:39:16-07:00,0,13
style.css,70,css,88d23a6b,sopannair,2025-10-10,22:39:16,-07:00,2025-10-10T22:39:16-07:00,1,88
style.css,71,css,88d23a6b,sopannair,2025-10-10,22:39:16,-07:00,2025-10-10T22:39:16-07:00,1,79
style.css,72,css,88d23a6b,sopannair,2025-10-10,22:39:16,-07:00,2025-10-10T22:39:16-07:00,0,0
style.css,73,css,88d23a6b,sopannair,2025-10-10,22:39:16,-07:00,2025-10-10T22:39:16-07:00,0,0
style.css,74,css,88d23a6b,sopannair,2025-10-10,22:39:16,-07:00,2025-10-10T22:39:16-07:00,0,11
style.css,75,css,88d23a6b,sopannair,2025-10-10,22:39:16,-07:00,2025-10-10T22:39:16-07:00,1,45
style.css,76,css,88d23a6b,sopannair,2025-10-10,22:39:16,-07:00,2025-10-10T22:39:16-07:00,1,56
style.css,77,css,88d23a6b,sopannair,2025-10-10,22:39:16,-07:00,2025-10-10T22:39:16-07:00,0,0
style.css,78,css,88d23a6b,sopannair,2025-10-10,22:39:16,-07:00,2025-10-10T22:39:16-07:00,0,0
style.css,79,css,88d23a6b,sopannair,2025-10-10,22:39:16,-07:00,2025-10-10T22:39:16-07:00,0,10
style.css,80,css,9f50c678,sopannair,2025-10-17,20:19:59,-07:00,2025-10-17T20:19:59-07:00,1,29
style.css,81,css,88d23a6b,sopannair,2025-10-10,22:39:16,-07:00,2025-10-10T22:39:16-07:00,0,0
style.css,82,css,88d23a6b,sopannair,2025-10-10,22:39:16,-07:00,2025-10-10T22:39:16-07:00,0,0
style.css,83,css,88d23a6b,sopannair,2025-10-10,22:39:16,-07:00,2025-10-10T22:39:16-07:00,0,6
style.css,84,css,88d23a6b,sopannair,2025-10-10,22:39:16,-07:00,2025-10-10T22:39:16-07:00,1,36
style.css,85,css,88d23a6b,sopannair,2025-10-10,22:39:16,-07:00,2025-10-10T22:39:16-07:00,1,11
style.css,86,css,88d23a6b,sopannair,2025-10-10,22:39:16,-07:00,2025-10-10T22:39:16-07:00,0,0
style.css,87,css,88d23a6b,sopannair,2025-10-10,22:39:16,-07:00,2025-10-10T22:39:16-07:00,0,0
style.css,88,css,88d23a6b,sopannair,2025-10-10,22:39:16,-07:00,2025-10-10T22:39:16-07:00,0,24
style.css,89,css,88d23a6b,sopannair,2025-10-10,22:39:16,-07:00,2025-10-10T22:39:16-07:00,0,10
style.css,90,css,88d23a6b,sopannair,2025-10-10,22:39:16,-07:00,2025-10-10T22:39:16-07:00,1,60
style.css,91,css,88d23a6b,sopannair,2025-10-10,22:39:16,-07:00,2025-10-10T22:39:16-07:00,1,58
style.css,92,css,88d23a6b,sopannair,2025-10-10,22:39:16,-07:00,2025-10-10T22:39:16-07:00,1,64
style.css,93,css,88d23a6b,sopannair,2025-10-10,22:39:16,-07:00,2025-10-10T22:39:16-07:00,0,0
style.css,94,css,88d23a6b,sopannair,2025-10-10,22:39:16,-07:00,2025-10-10T22:39:16-07:00,0,0
style.css,95,css,88d23a6b,sopannair,2025-10-10,22:39:16,-07:00,2025-10-10T22:39:16-07:00,0,55
style.css,96,css,88d23a6b,sopannair,2025-10-10,22:39:16,-07:00,2025-10-10T22:39:16-07:00,0,4
style.css,97,css,88d23a6b,sopannair,2025-10-10,22:39:16,-07:00,2025-10-10T22:39:16-07:00,1,12
style.css,98,css,88d23a6b,sopannair,2025-10-10,22:39:16,-07:00,2025-10-10T22:39:16-07:00,1,77
style.css,99,css,88d23a6b,sopannair,2025-10-10,22:39:16,-07:00,2025-10-10T22:39:16-07:00,1,55
style.css,100,css,88d23a6b,sopannair,2025-10-10,22:39:16,-07:00,2025-10-10T22:39:16-07:00,1,79
style.css,101,css,88d23a6b,sopannair,2025-10-10,22:39:16,-07:00,2025-10-10T22:39:16-07:00,0,0
style.css,102,css,88d23a6b,sopannair,2025-10-10,22:39:16,-07:00,2025-10-10T22:39:16-07:00,0,0
style.css,103,css,88d23a6b,sopannair,2025-10-10,22:39:16,-07:00,2025-10-10T22:39:16-07:00,0,10
style.css,104,css,88d23a6b,sopannair,2025-10-10,22:39:16,-07:00,2025-10-10T22:39:16-07:00,1,15
style.css,105,css,88d23a6b,sopannair,2025-10-10,22:39:16,-07:00,2025-10-10T22:39:16-07:00,1,60
style.css,106,css,88d23a6b,sopannair,2025-10-10,22:39:16,-07:00,2025-10-10T22:39:16-07:00,1,15
style.css,107,css,88d23a6b,sopannair,2025-10-10,22:39:16,-07:00,2025-10-10T22:39:16-07:00,0,0
style.css,108,css,88d23a6b,sopannair,2025-10-10,22:39:16,-07:00,2025-10-10T22:39:16-07:00,0,0
style.css,109,css,88d23a6b,sopannair,2025-10-10,22:39:16,-07:00,2025-10-10T22:39:16-07:00,0,9
style.css,110,css,88d23a6b,sopannair,2025-10-10,22:39:16,-07:00,2025-10-10T22:39:16-07:00,0,13
style.css,111,css,88d23a6b,sopannair,2025-10-10,22:39:16,-07:00,2025-10-10T22:39:16-07:00,1,12
style.css,112,css,88d23a6b,sopannair,2025-10-10,22:39:16,-07:00,2025-10-10T22:39:16-07:00,1,44
style.css,113,css,88d23a6b,sopannair,2025-10-10,22:39:16,-07:00,2025-10-10T22:39:16-07:00,1,21
style.css,114,css,88d23a6b,sopannair,2025-10-10,22:39:16,-07:00,2025-10-10T22:39:16-07:00,1,21
style.css,115,css,88d23a6b,sopannair,2025-10-10,22:39:16,-07:00,2025-10-10T22:39:16-07:00,1,34
style.css,116,css,88d23a6b,sopannair,2025-10-10,22:39:16,-07:00,2025-10-10T22:39:16-07:00,1,20
style.css,117,css,88d23a6b,sopannair,2025-10-10,22:39:16,-07:00,2025-10-10T22:39:16-07:00,0,0
style.css,118,css,88d23a6b,sopannair,2025-10-10,22:39:16,-07:00,2025-10-10T22:39:16-07:00,0,0
style.css,119,css,88d23a6b,sopannair,2025-10-10,22:39:16,-07:00,2025-10-10T22:39:16-07:00,0,13
style.css,120,css,88d23a6b,sopannair,2025-10-10,22:39:16,-07:00,2025-10-10T22:39:16-07:00,1,47
style.css,121,css,88d23a6b,sopannair,2025-10-10,22:39:16,-07:00,2025-10-10T22:39:16-07:00,0,0
style.css,122,css,88d23a6b,sopannair,2025-10-10,22:39:16,-07:00,2025-10-10T22:39:16-07:00,0,0
style.css,123,css,88d23a6b,sopannair,2025-10-10,22:39:16,-07:00,2025-10-10T22:39:16-07:00,0,9
style.css,124,css,88d23a6b,sopannair,2025-10-10,22:39:16,-07:00,2025-10-10T22:39:16-07:00,1,12
style.css,125,css,88d23a6b,sopannair,2025-10-10,22:39:16,-07:00,2025-10-10T22:39:16-07:00,1,58
style.css,126,css,88d23a6b,sopannair,2025-10-10,22:39:16,-07:00,2025-10-10T22:39:16-07:00,1,44
style.css,127,css,88d23a6b,sopannair,2025-10-10,22:39:16,-07:00,2025-10-10T22:39:16-07:00,1,15
style.css,128,css,88d23a6b,sopannair,2025-10-10,22:39:16,-07:00,2025-10-10T22:39:16-07:00,0,0
style.css,129,css,88d23a6b,sopannair,2025-10-10,22:39:16,-07:00,2025-10-10T22:39:16-07:00,0,0
style.css,130,css,88d23a6b,sopannair,2025-10-10,22:39:16,-07:00,2025-10-10T22:39:16-07:00,0,17
style.css,131,css,88d23a6b,sopannair,2025-10-10,22:39:16,-07:00,2025-10-10T22:39:16-07:00,1,12
style.css,132,css,88d23a6b,sopannair,2025-10-10,22:39:16,-07:00,2025-10-10T22:39:16-07:00,1,54
style.css,133,css,88d23a6b,sopannair,2025-10-10,22:39:16,-07:00,2025-10-10T22:39:16-07:00,1,58
style.css,134,css,88d23a6b,sopannair,2025-10-10,22:39:16,-07:00,2025-10-10T22:39:16-07:00,1,55
style.css,135,css,9f50c678,sopannair,2025-10-17,20:19:59,-07:00,2025-10-17T20:19:59-07:00,1,30
style.css,136,css,88d23a6b,sopannair,2025-10-10,22:39:16,-07:00,2025-10-10T22:39:16-07:00,1,12
style.css,137,css,88d23a6b,sopannair,2025-10-10,22:39:16,-07:00,2025-10-10T22:39:16-07:00,1,20
style.css,138,css,88d23a6b,sopannair,2025-10-10,22:39:16,-07:00,2025-10-10T22:39:16-07:00,1,39
style.css,139,css,88d23a6b,sopannair,2025-10-10,22:39:16,-07:00,2025-10-10T22:39:16-07:00,0,0
style.css,140,css,88d23a6b,sopannair,2025-10-10,22:39:16,-07:00,2025-10-10T22:39:16-07:00,0,0
style.css,141,css,88d23a6b,sopannair,2025-10-10,22:39:16,-07:00,2025-10-10T22:39:16-07:00,0,9
style.css,142,css,88d23a6b,sopannair,2025-10-10,22:39:16,-07:00,2025-10-10T22:39:16-07:00,1,19
style.css,143,css,88d23a6b,sopannair,2025-10-10,22:39:16,-07:00,2025-10-10T22:39:16-07:00,1,2
style.css,144,css,88d23a6b,sopannair,2025-10-10,22:39:16,-07:00,2025-10-10T22:39:16-07:00,2,53
style.css,145,css,88d23a6b,sopannair,2025-10-10,22:39:16,-07:00,2025-10-10T22:39:16-07:00,2,49
style.css,146,css,88d23a6b,sopannair,2025-10-10,22:39:16,-07:00,2025-10-10T22:39:16-07:00,1,0
style.css,147,css,88d23a6b,sopannair,2025-10-10,22:39:16,-07:00,2025-10-10T22:39:16-07:00,0,0
style.css,148,css,88d23a6b,sopannair,2025-10-10,22:39:16,-07:00,2025-10-10T22:39:16-07:00,0,0
style.css,149,css,88d23a6b,sopannair,2025-10-10,22:39:16,-07:00,2025-10-10T22:39:16-07:00,0,49
style.css,150,css,88d23a6b,sopannair,2025-10-10,22:39:16,-07:00,2025-10-10T22:39:16-07:00,0,30
style.css,151,css,88d23a6b,sopannair,2025-10-10,22:39:16,-07:00,2025-10-10T22:39:16-07:00,1,65
style.css,152,css,88d23a6b,sopannair,2025-10-10,22:39:16,-07:00,2025-10-10T22:39:16-07:00,1,56
style.css,153,css,88d23a6b,sopannair,2025-10-10,22:39:16,-07:00,2025-10-10T22:39:16-07:00,1,53
style.css,154,css,88d23a6b,sopannair,2025-10-10,22:39:16,-07:00,2025-10-10T22:39:16-07:00,0,0
style.css,155,css,88d23a6b,sopannair,2025-10-10,22:39:16,-07:00,2025-10-10T22:39:16-07:00,0,0
style.css,156,css,88d23a6b,sopannair,2025-10-10,22:39:16,-07:00,2025-10-10T22:39:16-07:00,0,52
style.css,157,css,88d23a6b,sopannair,2025-10-10,22:39:16,-07:00,2025-10-10T22:39:16-07:00,0,2
style.css,158,css,88d23a6b,sopannair,2025-10-10,22:39:16,-07:00,2025-10-10T22:39:16-07:00,1,41
style.css,159,css,88d23a6b,sopannair,2025-10-10,22:39:16,-07:00,2025-10-10T22:39:16-07:00,0,0
style.css,160,css,88d23a6b,sopannair,2025-10-10,22:39:16,-07:00,2025-10-10T22:39:16-07:00,0,0
style.css,161,css,88d23a6b,sopannair,2025-10-10,22:39:16,-07:00,2025-10-10T22:39:16-07:00,0,58
style.css,162,css,88d23a6b,sopannair,2025-10-10,22:39:16,-07:00,2025-10-10T22:39:16-07:00,0,2
style.css,163,css,88d23a6b,sopannair,2025-10-10,22:39:16,-07:00,2025-10-10T22:39:16-07:00,1,49
style.css,164,css,88d23a6b,sopannair,2025-10-10,22:39:16,-07:00,2025-10-10T22:39:16-07:00,0,0
style.css,165,css,88d23a6b,sopannair,2025-10-10,22:39:16,-07:00,2025-10-10T22:39:16-07:00,0,0
style.css,166,css,88d23a6b,sopannair,2025-10-10,22:39:16,-07:00,2025-10-10T22:39:16-07:00,0,43
style.css,167,css,88d23a6b,sopannair,2025-10-10,22:39:16,-07:00,2025-10-10T22:39:16-07:00,0,23
style.css,168,css,88d23a6b,sopannair,2025-10-10,22:39:16,-07:00,2025-10-10T22:39:16-07:00,0,25
style.css,169,css,88d23a6b,sopannair,2025-10-10,22:39:16,-07:00,2025-10-10T22:39:16-07:00,0,21
style.css,170,css,88d23a6b,sopannair,2025-10-10,22:39:16,-07:00,2025-10-10T22:39:16-07:00,0,25
style.css,171,css,4de84f68,sopannair,2025-10-24,23:27:10,-07:00,2025-10-24T23:27:10-07:00,0,0
style.css,172,css,8be1a539,sopannair,2025-10-31,18:56:49,-07:00,2025-10-31T18:56:49-07:00,0,24
style.css,173,css,8be1a539,sopannair,2025-10-31,18:56:49,-07:00,2025-10-31T18:56:49-07:00,0,17
style.css,174,css,8be1a539,sopannair,2025-10-31,18:56:49,-07:00,2025-10-31T18:56:49-07:00,1,12
style.css,175,css,8be1a539,sopannair,2025-10-31,18:56:49,-07:00,2025-10-31T18:56:49-07:00,1,63
style.css,176,css,8be1a539,sopannair,2025-10-31,18:56:49,-07:00,2025-10-31T18:56:49-07:00,1,10
style.css,177,css,8be1a539,sopannair,2025-10-31,18:56:49,-07:00,2025-10-31T18:56:49-07:00,0,0
style.css,178,css,8be1a539,sopannair,2025-10-31,18:56:49,-07:00,2025-10-31T18:56:49-07:00,0,0
style.css,179,css,8be1a539,sopannair,2025-10-31,18:56:49,-07:00,2025-10-31T18:56:49-07:00,0,59
style.css,180,css,8be1a539,sopannair,2025-10-31,18:56:49,-07:00,2025-10-31T18:56:49-07:00,0,21
style.css,181,css,8be1a539,sopannair,2025-10-31,18:56:49,-07:00,2025-10-31T18:56:49-07:00,1,10
style.css,182,css,8be1a539,sopannair,2025-10-31,18:56:49,-07:00,2025-10-31T18:56:49-07:00,1,57
style.css,183,css,8be1a539,sopannair,2025-10-31,18:56:49,-07:00,2025-10-31T18:56:49-07:00,1,43
style.css,184,css,8be1a539,sopannair,2025-10-31,18:56:49,-07:00,2025-10-31T18:56:49-07:00,1,20
style.css,185,css,8be1a539,sopannair,2025-10-31,18:56:49,-07:00,2025-10-31T18:56:49-07:00,1,13
style.css,186,css,8be1a539,sopannair,2025-10-31,18:56:49,-07:00,2025-10-31T18:56:49-07:00,0,0
style.css,187,css,8be1a539,sopannair,2025-10-31,18:56:49,-07:00,2025-10-31T18:56:49-07:00,0,0
style.css,188,css,8be1a539,sopannair,2025-10-31,18:56:49,-07:00,2025-10-31T18:56:49-07:00,0,38
style.css,189,css,8be1a539,sopannair,2025-10-31,18:56:49,-07:00,2025-10-31T18:56:49-07:00,0,16
style.css,190,css,8be1a539,sopannair,2025-10-31,18:56:49,-07:00,2025-10-31T18:56:49-07:00,1,12
style.css,191,css,8be1a539,sopannair,2025-10-31,18:56:49,-07:00,2025-10-31T18:56:49-07:00,1,21
style.css,192,css,8be1a539,sopannair,2025-10-31,18:56:49,-07:00,2025-10-31T18:56:49-07:00,1,29
style.css,193,css,8be1a539,sopannair,2025-10-31,18:56:49,-07:00,2025-10-31T18:56:49-07:00,1,10
style.css,194,css,8be1a539,sopannair,2025-10-31,18:56:49,-07:00,2025-10-31T18:56:49-07:00,0,0
style.css,195,css,8be1a539,sopannair,2025-10-31,18:56:49,-07:00,2025-10-31T18:56:49-07:00,0,0
style.css,196,css,8be1a539,sopannair,2025-10-31,18:56:49,-07:00,2025-10-31T18:56:49-07:00,0,16
style.css,197,css,8be1a539,sopannair,2025-10-31,18:56:49,-07:00,2025-10-31T18:56:49-07:00,0,13
style.css,198,css,8be1a539,sopannair,2025-10-31,18:56:49,-07:00,2025-10-31T18:56:49-07:00,1,16
style.css,199,css,8be1a539,sopannair,2025-10-31,18:56:49,-07:00,2025-10-31T18:56:49-07:00,1,63
style.css,200,css,8be1a539,sopannair,2025-10-31,18:56:49,-07:00,2025-10-31T18:56:49-07:00,1,17
style.css,201,css,8be1a539,sopannair,2025-10-31,18:56:49,-07:00,2025-10-31T18:56:49-07:00,1,15
style.css,202,css,8be1a539,sopannair,2025-10-31,18:56:49,-07:00,2025-10-31T18:56:49-07:00,0,0
style.css,203,css,8be1a539,sopannair,2025-10-31,18:56:49,-07:00,2025-10-31T18:56:49-07:00,0,40
style.css,204,css,8be1a539,sopannair,2025-10-31,18:56:49,-07:00,2025-10-31T18:56:49-07:00,0,10
style.css,205,css,8be1a539,sopannair,2025-10-31,18:56:49,-07:00,2025-10-31T18:56:49-07:00,1,12
style.css,206,css,8be1a539,sopannair,2025-10-31,18:56:49,-07:00,2025-10-31T18:56:49-07:00,1,65
style.css,207,css,8be1a539,sopannair,2025-10-31,18:56:49,-07:00,2025-10-31T18:56:49-07:00,1,57
style.css,208,css,8be1a539,sopannair,2025-10-31,18:56:49,-07:00,2025-10-31T18:56:49-07:00,1,61
style.css,209,css,8be1a539,sopannair,2025-10-31,18:56:49,-07:00,2025-10-31T18:56:49-07:00,1,19
style.css,210,css,8be1a539,sopannair,2025-10-31,18:56:49,-07:00,2025-10-31T18:56:49-07:00,0,0
style.css,211,css,8be1a539,sopannair,2025-10-31,18:56:49,-07:00,2025-10-31T18:56:49-07:00,0,0
style.css,212,css,8be1a539,sopannair,2025-10-31,18:56:49,-07:00,2025-10-31T18:56:49-07:00,0,67
style.css,213,css,8be1a539,sopannair,2025-10-31,18:56:49,-07:00,2025-10-31T18:56:49-07:00,0,18
style.css,214,css,8be1a539,sopannair,2025-10-31,18:56:49,-07:00,2025-10-31T18:56:49-07:00,1,14
style.css,215,css,8be1a539,sopannair,2025-10-31,18:56:49,-07:00,2025-10-31T18:56:49-07:00,1,56
style.css,216,css,8be1a539,sopannair,2025-10-31,18:56:49,-07:00,2025-10-31T18:56:49-07:00,1,11
style.css,217,css,8be1a539,sopannair,2025-10-31,18:56:49,-07:00,2025-10-31T18:56:49-07:00,1,58
style.css,218,css,8be1a539,sopannair,2025-10-31,18:56:49,-07:00,2025-10-31T18:56:49-07:00,1,16
style.css,219,css,8be1a539,sopannair,2025-10-31,18:56:49,-07:00,2025-10-31T18:56:49-07:00,1,13
style.css,220,css,8be1a539,sopannair,2025-10-31,18:56:49,-07:00,2025-10-31T18:56:49-07:00,0,0
style.css,221,css,8be1a539,sopannair,2025-10-31,18:56:49,-07:00,2025-10-31T18:56:49-07:00,0,0
style.css,222,css,8be1a539,sopannair,2025-10-31,18:56:49,-07:00,2025-10-31T18:56:49-07:00,0,36
style.css,223,css,8be1a539,sopannair,2025-10-31,18:56:49,-07:00,2025-10-31T18:56:49-07:00,0,7
style.css,224,css,8be1a539,sopannair,2025-10-31,18:56:49,-07:00,2025-10-31T18:56:49-07:00,1,52
style.css,225,css,8be1a539,sopannair,2025-10-31,18:56:49,-07:00,2025-10-31T18:56:49-07:00,1,15
style.css,226,css,8be1a539,sopannair,2025-10-31,18:56:49,-07:00,2025-10-31T18:56:49-07:00,1,8
style.css,227,css,8be1a539,sopannair,2025-10-31,18:56:49,-07:00,2025-10-31T18:56:49-07:00,1,20
style.css,228,css,8be1a539,sopannair,2025-10-31,18:56:49,-07:00,2025-10-31T18:56:49-07:00,1,34
style.css,229,css,8be1a539,sopannair,2025-10-31,18:56:49,-07:00,2025-10-31T18:56:49-07:00,1,20
style.css,230,css,8be1a539,sopannair,2025-10-31,18:56:49,-07:00,2025-10-31T18:56:49-07:00,0,0
style.css,231,css,8be1a539,sopannair,2025-10-31,18:56:49,-07:00,2025-10-31T18:56:49-07:00,1,12
style.css,232,css,8be1a539,sopannair,2025-10-31,18:56:49,-07:00,2025-10-31T18:56:49-07:00,1,57
style.css,233,css,8be1a539,sopannair,2025-10-31,18:56:49,-07:00,2025-10-31T18:56:49-07:00,1,46
style.css,234,css,8be1a539,sopannair,2025-10-31,18:56:49,-07:00,2025-10-31T18:56:49-07:00,0,0
style.css,235,css,8be1a539,sopannair,2025-10-31,18:56:49,-07:00,2025-10-31T18:56:49-07:00,0,0
style.css,236,css,8be1a539,sopannair,2025-10-31,18:56:49,-07:00,2025-10-31T18:56:49-07:00,0,24
style.css,237,css,8be1a539,sopannair,2025-10-31,18:56:49,-07:00,2025-10-31T18:56:49-07:00,0,13
style.css,238,css,8be1a539,sopannair,2025-10-31,18:56:49,-07:00,2025-10-31T18:56:49-07:00,1,12
style.css,239,css,8be1a539,sopannair,2025-10-31,18:56:49,-07:00,2025-10-31T18:56:49-07:00,1,18
style.css,240,css,8be1a539,sopannair,2025-10-31,18:56:49,-07:00,2025-10-31T18:56:49-07:00,1,62
style.css,241,css,8be1a539,sopannair,2025-10-31,18:56:49,-07:00,2025-10-31T18:56:49-07:00,1,11
style.css,242,css,8be1a539,sopannair,2025-10-31,18:56:49,-07:00,2025-10-31T18:56:49-07:00,0,0
style.css,243,css,8be1a539,sopannair,2025-10-31,18:56:49,-07:00,2025-10-31T18:56:49-07:00,0,0
style.css,244,css,8be1a539,sopannair,2025-10-31,18:56:49,-07:00,2025-10-31T18:56:49-07:00,0,16
style.css,245,css,8be1a539,sopannair,2025-10-31,18:56:49,-07:00,2025-10-31T18:56:49-07:00,0,15
style.css,246,css,8be1a539,sopannair,2025-10-31,18:56:49,-07:00,2025-10-31T18:56:49-07:00,1,9
style.css,247,css,8be1a539,sopannair,2025-10-31,18:56:49,-07:00,2025-10-31T18:56:49-07:00,1,18
style.css,248,css,8be1a539,sopannair,2025-10-31,18:56:49,-07:00,2025-10-31T18:56:49-07:00,1,23
style.css,249,css,8be1a539,sopannair,2025-10-31,18:56:49,-07:00,2025-10-31T18:56:49-07:00,1,56
style.css,250,css,8be1a539,sopannair,2025-10-31,18:56:49,-07:00,2025-10-31T18:56:49-07:00,1,20
style.css,251,css,8be1a539,sopannair,2025-10-31,18:56:49,-07:00,2025-10-31T18:56:49-07:00,1,13
style.css,252,css,8be1a539,sopannair,2025-10-31,18:56:49,-07:00,2025-10-31T18:56:49-07:00,0,0
style.css,253,css,8be1a539,sopannair,2025-10-31,18:56:49,-07:00,2025-10-31T18:56:49-07:00,0,0
style.css,254,css,8be1a539,sopannair,2025-10-31,18:56:49,-07:00,2025-10-31T18:56:49-07:00,0,24
style.css,255,css,8be1a539,sopannair,2025-10-31,18:56:49,-07:00,2025-10-31T18:56:49-07:00,1,16
style.css,256,css,8be1a539,sopannair,2025-10-31,18:56:49,-07:00,2025-10-31T18:56:49-07:00,0,0
style.css,257,css,8be1a539,sopannair,2025-10-31,18:56:49,-07:00,2025-10-31T18:56:49-07:00,0,0
style.css,258,css,8be1a539,sopannair,2025-10-31,18:56:49,-07:00,2025-10-31T18:56:49-07:00,0,50
style.css,259,css,8be1a539,sopannair,2025-10-31,18:56:49,-07:00,2025-10-31T18:56:49-07:00,0,36
style.css,260,css,8be1a539,sopannair,2025-10-31,18:56:49,-07:00,2025-10-31T18:56:49-07:00,1,11
style.css,261,css,8be1a539,sopannair,2025-10-31,18:56:49,-07:00,2025-10-31T18:56:49-07:00,0,0
style.css,262,css,8be1a539,sopannair,2025-10-31,18:56:49,-07:00,2025-10-31T18:56:49-07:00,0,0
style.css,263,css,8be1a539,sopannair,2025-10-31,18:56:49,-07:00,2025-10-31T18:56:49-07:00,0,9
style.css,264,css,8be1a539,sopannair,2025-10-31,18:56:49,-07:00,2025-10-31T18:56:49-07:00,1,35
style.css,265,css,8be1a539,sopannair,2025-10-31,18:56:49,-07:00,2025-10-31T18:56:49-07:00,0,0
style.css,266,css,8be1a539,sopannair,2025-10-31,18:56:49,-07:00,2025-10-31T18:56:49-07:00,0,0
style.css,267,css,8be1a539,sopannair,2025-10-31,18:56:49,-07:00,2025-10-31T18:56:49-07:00,0,13
style.css,268,css,8be1a539,sopannair,2025-10-31,18:56:49,-07:00,2025-10-31T18:56:49-07:00,1,17
style.css,269,css,8be1a539,sopannair,2025-10-31,18:56:49,-07:00,2025-10-31T18:56:49-07:00,1,12
style.css,270,css,8be1a539,sopannair,2025-10-31,18:56:49,-07:00,2025-10-31T18:56:49-07:00,1,16
style.css,271,css,8be1a539,sopannair,2025-10-31,18:56:49,-07:00,2025-10-31T18:56:49-07:00,0,0
style.css,272,css,8be1a539,sopannair,2025-10-31,18:56:49,-07:00,2025-10-31T18:56:49-07:00,0,0
style.css,273,css,8be1a539,sopannair,2025-10-31,18:56:49,-07:00,2025-10-31T18:56:49-07:00,0,22
style.css,274,css,8be1a539,sopannair,2025-10-31,18:56:49,-07:00,2025-10-31T18:56:49-07:00,1,51
style.css,275,css,8be1a539,sopannair,2025-10-31,18:56:49,-07:00,2025-10-31T18:56:49-07:00,1,19
style.css,276,css,8be1a539,sopannair,2025-10-31,18:56:49,-07:00,2025-10-31T18:56:49-07:00,1,20
style.css,277,css,8be1a539,sopannair,2025-10-31,18:56:49,-07:00,2025-10-31T18:56:49-07:00,0,0
index.js,1,js,4de84f68,sopannair,2025-10-24,23:27:10,-07:00,2025-10-24T23:27:10-07:00,0,71
index.js,2,js,4de84f68,sopannair,2025-10-24,23:27:10,-07:00,2025-10-24T23:27:10-07:00,0,0
index.js,3,js,4de84f68,sopannair,2025-10-24,23:27:10,-07:00,2025-10-24T23:27:10-07:00,0,29
index.js,4,js,4de84f68,sopannair,2025-10-24,23:27:10,-07:00,2025-10-24T23:27:10-07:00,1,32
index.js,5,js,4de84f68,sopannair,2025-10-24,23:27:10,-07:00,2025-10-24T23:27:10-07:00,1,54
index.js,6,js,4de84f68,sopannair,2025-10-24,23:27:10,-07:00,2025-10-24T23:27:10-07:00,1,42
index.js,7,js,4de84f68,sopannair,2025-10-24,23:27:10,-07:00,2025-10-24T23:27:10-07:00,1,60
index.js,8,js,4de84f68,sopannair,2025-10-24,23:27:10,-07:00,2025-10-24T23:27:10-07:00,1,54
index.js,9,js,4de84f68,sopannair,2025-10-24,23:27:10,-07:00,2025-10-24T23:27:10-07:00,0,0
index.js,10,js,4de84f68,sopannair,2025-10-24,23:27:10,-07:00,2025-10-24T23:27:10-07:00,1,38
index.js,11,js,4de84f68,sopannair,2025-10-24,23:27:10,-07:00,2025-10-24T23:27:10-07:00,1,60
index.js,12,js,4de84f68,sopannair,2025-10-24,23:27:10,-07:00,2025-10-24T23:27:10-07:00,0,0
index.js,13,js,4de84f68,sopannair,2025-10-24,23:27:10,-07:00,2025-10-24T23:27:10-07:00,1,26
index.js,14,js,4de84f68,sopannair,2025-10-24,23:27:10,-07:00,2025-10-24T23:27:10-07:00,1,52
index.js,15,js,4de84f68,sopannair,2025-10-24,23:27:10,-07:00,2025-10-24T23:27:10-07:00,0,0
index.js,16,js,4de84f68,sopannair,2025-10-24,23:27:10,-07:00,2025-10-24T23:27:10-07:00,1,32
index.js,17,js,4de84f68,sopannair,2025-10-24,23:27:10,-07:00,2025-10-24T23:27:10-07:00,1,17
index.js,18,js,4de84f68,sopannair,2025-10-24,23:27:10,-07:00,2025-10-24T23:27:10-07:00,2,24
index.js,19,js,4de84f68,sopannair,2025-10-24,23:27:10,-07:00,2025-10-24T23:27:10-07:00,3,2
index.js,20,js,4de84f68,sopannair,2025-10-24,23:27:10,-07:00,2025-10-24T23:27:10-07:00,4,55
index.js,21,js,4de84f68,sopannair,2025-10-24,23:27:10,-07:00,2025-10-24T23:27:10-07:00,4,55
index.js,22,js,4de84f68,sopannair,2025-10-24,23:27:10,-07:00,2025-10-24T23:27:10-07:00,4,49
index.js,23,js,4de84f68,sopannair,2025-10-24,23:27:10,-07:00,2025-10-24T23:27:10-07:00,4,49
index.js,24,js,4de84f68,sopannair,2025-10-24,23:27:10,-07:00,2025-10-24T23:27:10-07:00,3,3
index.js,25,js,4de84f68,sopannair,2025-10-24,23:27:10,-07:00,2025-10-24T23:27:10-07:00,2,0
index.js,26,js,4de84f68,sopannair,2025-10-24,23:27:10,-07:00,2025-10-24T23:27:10-07:00,1,0
index.js,27,js,4de84f68,sopannair,2025-10-24,23:27:10,-07:00,2025-10-24T23:27:10-07:00,0,0
index.js,28,js,4de84f68,sopannair,2025-10-24,23:27:10,-07:00,2025-10-24T23:27:10-07:00,0,0
index.js,29,js,4de84f68,sopannair,2025-10-24,23:27:10,-07:00,2025-10-24T23:27:10-07:00,0,38
index.js,30,js,4de84f68,sopannair,2025-10-24,23:27:10,-07:00,2025-10-24T23:27:10-07:00,1,58
index.js,31,js,4de84f68,sopannair,2025-10-24,23:27:10,-07:00,2025-10-24T23:27:10-07:00,0,6
index.js,32,js,4de84f68,sopannair,2025-10-24,23:27:10,-07:00,2025-10-24T23:27:10-07:00,1,13
index.js,33,js,4de84f68,sopannair,2025-10-24,23:27:10,-07:00,2025-10-24T23:27:10-07:00,0,0
index.html,1,html,9055e63a,sopannair,2025-10-03,21:23:20,-07:00,2025-10-03T21:23:20-07:00,0,13
index.html,2,html,9055e63a,sopannair,2025-10-03,21:23:20,-07:00,2025-10-03T21:23:20-07:00,0,14
index.html,3,html,9055e63a,sopannair,2025-10-03,21:23:20,-07:00,2025-10-03T21:23:20-07:00,0,4
index.html,4,html,da86c11b,sopannair,2025-10-03,22:33:55,-07:00,2025-10-03T22:33:55-07:00,1,20
index.html,5,html,da86c11b,sopannair,2025-10-03,22:33:55,-07:00,2025-10-03T22:33:55-07:00,1,68
index.html,6,html,da86c11b,sopannair,2025-10-03,22:33:55,-07:00,2025-10-03T22:33:55-07:00,1,52
index.html,7,html,da86c11b,sopannair,2025-10-03,22:33:55,-07:00,2025-10-03T22:33:55-07:00,1,38
index.html,8,html,9055e63a,sopannair,2025-10-03,21:23:20,-07:00,2025-10-03T21:23:20-07:00,0,5
index.html,9,html,9055e63a,sopannair,2025-10-03,21:23:20,-07:00,2025-10-03T21:23:20-07:00,0,4
index.html,10,html,f8dd208b,sopannair,2025-10-17,19:20:38,-07:00,2025-10-17T19:20:38-07:00,0,0
index.html,11,html,da86c11b,sopannair,2025-10-03,22:33:55,-07:00,2025-10-03T22:33:55-07:00,0,0
index.html,12,html,da86c11b,sopannair,2025-10-03,22:33:55,-07:00,2025-10-03T22:33:55-07:00,1,17
index.html,13,html,83190547,sopannair,2025-10-10,20:29:41,-07:00,2025-10-10T20:29:41-07:00,1,71
index.html,14,html,da86c11b,sopannair,2025-10-03,22:33:55,-07:00,2025-10-03T22:33:55-07:00,1,63
index.html,15,html,da86c11b,sopannair,2025-10-03,22:33:55,-07:00,2025-10-03T22:33:55-07:00,1,73
index.html,16,html,b35ed9c7,sopannair,2025-10-17,18:37:46,-07:00,2025-10-17T18:37:46-07:00,1,45
index.html,17,html,b35ed9c7,sopannair,2025-10-17,18:37:46,-07:00,2025-10-17T18:37:46-07:00,0,0
index.html,18,html,4de84f68,sopannair,2025-10-24,23:27:10,-07:00,2025-10-24T23:27:10-07:00,1,36
index.html,19,html,4de84f68,sopannair,2025-10-24,23:27:10,-07:00,2025-10-24T23:27:10-07:00,1,7
index.html,20,html,4de84f68,sopannair,2025-10-24,23:27:10,-07:00,2025-10-24T23:27:10-07:00,2,22
index.html,21,html,4de84f68,sopannair,2025-10-24,23:27:10,-07:00,2025-10-24T23:27:10-07:00,2,20
index.html,22,html,4de84f68,sopannair,2025-10-24,23:27:10,-07:00,2025-10-24T23:27:10-07:00,4,49
index.html,23,html,4de84f68,sopannair,2025-10-24,23:27:10,-07:00,2025-10-24T23:27:10-07:00,2,4
index.html,24,html,4de84f68,sopannair,2025-10-24,23:27:10,-07:00,2025-10-24T23:27:10-07:00,1,8
index.html,25,html,4de84f68,sopannair,2025-10-24,23:27:10,-07:00,2025-10-24T23:27:10-07:00,0,0
index.html,26,html,4de84f68,sopannair,2025-10-24,23:27:10,-07:00,2025-10-24T23:27:10-07:00,1,52
index.html,27,html,4de84f68,sopannair,2025-10-24,23:27:10,-07:00,2025-10-24T23:27:10-07:00,1,45
index.html,28,html,4de84f68,sopannair,2025-10-24,23:27:10,-07:00,2025-10-24T23:27:10-07:00,1,50
index.html,29,html,4de84f68,sopannair,2025-10-24,23:27:10,-07:00,2025-10-24T23:27:10-07:00,0,0
index.html,30,html,4de84f68,sopannair,2025-10-24,23:27:10,-07:00,2025-10-24T23:27:10-07:00,0,7
index.html,31,html,4de84f68,sopannair,2025-10-24,23:27:10,-07:00,2025-10-24T23:27:10-07:00,1,21
index.html,32,html,4de84f68,sopannair,2025-10-24,23:27:10,-07:00,2025-10-24T23:27:10-07:00,0,22
index.html,33,html,4de84f68,sopannair,2025-10-24,23:27:10,-07:00,2025-10-24T23:27:10-07:00,1,35
index.html,34,html,4de84f68,sopannair,2025-10-24,23:27:10,-07:00,2025-10-24T23:27:10-07:00,0,4
index.html,35,html,4de84f68,sopannair,2025-10-24,23:27:10,-07:00,2025-10-24T23:27:10-07:00,0,8
index.html,36,html,4de84f68,sopannair,2025-10-24,23:27:10,-07:00,2025-10-24T23:27:10-07:00,0,0
index.html,37,html,4de84f68,sopannair,2025-10-24,23:27:10,-07:00,2025-10-24T23:27:10-07:00,0,0
index.html,38,html,9055e63a,sopannair,2025-10-03,21:23:20,-07:00,2025-10-03T21:23:20-07:00,0,5
index.html,39,html,da86c11b,sopannair,2025-10-03,22:33:55,-07:00,2025-10-03T22:33:55-07:00,0,5
global.js,1,js,b35ed9c7,sopannair,2025-10-17,18:37:46,-07:00,2025-10-17T18:37:46-07:00,0,25
global.js,2,js,b35ed9c7,sopannair,2025-10-17,18:37:46,-07:00,2025-10-17T18:37:46-07:00,0,0
global.js,3,js,b35ed9c7,sopannair,2025-10-17,18:37:46,-07:00,2025-10-17T18:37:46-07:00,0,41
global.js,4,js,b35ed9c7,sopannair,2025-10-17,18:37:46,-07:00,2025-10-17T18:37:46-07:00,1,52
global.js,5,js,f8dd208b,sopannair,2025-10-17,19:20:38,-07:00,2025-10-17T19:20:38-07:00,0,0
global.js,6,js,f8dd208b,sopannair,2025-10-17,19:20:38,-07:00,2025-10-17T19:20:38-07:00,0,0
global.js,7,js,f8dd208b,sopannair,2025-10-17,19:20:38,-07:00,2025-10-17T19:20:38-07:00,0,33
global.js,8,js,f8dd208b,sopannair,2025-10-17,19:20:38,-07:00,2025-10-17T19:20:38-07:00,0,71
global.js,9,js,f8dd208b,sopannair,2025-10-17,19:20:38,-07:00,2025-10-17T19:20:38-07:00,0,3
global.js,10,js,f8dd208b,sopannair,2025-10-17,19:20:38,-07:00,2025-10-17T19:20:38-07:00,0,0
global.js,11,js,f8dd208b,sopannair,2025-10-17,19:20:38,-07:00,2025-10-17T19:20:38-07:00,0,39
global.js,12,js,f8dd208b,sopannair,2025-10-17,19:20:38,-07:00,2025-10-17T19:20:38-07:00,0,0
global.js,13,js,f8dd208b,sopannair,2025-10-17,19:20:38,-07:00,2025-10-17T19:20:38-07:00,0,15
global.js,14,js,f8dd208b,sopannair,2025-10-17,19:20:38,-07:00,2025-10-17T19:20:38-07:00,1,68
global.js,15,js,f8dd208b,sopannair,2025-10-17,19:20:38,-07:00,2025-10-17T19:20:38-07:00,2,19
global.js,16,js,f8dd208b,sopannair,2025-10-17,19:20:38,-07:00,2025-10-17T19:20:38-07:00,2,40
global.js,17,js,f8dd208b,sopannair,2025-10-17,19:20:38,-07:00,2025-10-17T19:20:38-07:00,0,0
global.js,18,js,9f50c678,sopannair,2025-10-17,20:19:59,-07:00,2025-10-17T20:19:59-07:00,0,47
global.js,19,js,9f50c678,sopannair,2025-10-17,20:19:59,-07:00,2025-10-17T20:19:59-07:00,0,31
global.js,20,js,9f50c678,sopannair,2025-10-17,20:19:59,-07:00,2025-10-17T20:19:59-07:00,1,11
global.js,21,js,9f50c678,sopannair,2025-10-17,20:19:59,-07:00,2025-10-17T20:19:59-07:00,1,0
global.js,22,js,9f50c678,sopannair,2025-10-17,20:19:59,-07:00,2025-10-17T20:19:59-07:00,1,26
global.js,23,js,9f50c678,sopannair,2025-10-17,20:19:59,-07:00,2025-10-17T20:19:59-07:00,2,4
global.js,24,js,9f50c678,sopannair,2025-10-17,20:19:59,-07:00,2025-10-17T20:19:59-07:00,2,6
global.js,25,js,9f50c678,sopannair,2025-10-17,20:19:59,-07:00,2025-10-17T20:19:59-07:00,3,43
global.js,26,js,9f50c678,sopannair,2025-10-17,20:19:59,-07:00,2025-10-17T20:19:59-07:00,3,34
global.js,27,js,9f50c678,sopannair,2025-10-17,20:19:59,-07:00,2025-10-17T20:19:59-07:00,3,32
global.js,28,js,9f50c678,sopannair,2025-10-17,20:19:59,-07:00,2025-10-17T20:19:59-07:00,2,7
global.js,29,js,9f50c678,sopannair,2025-10-17,20:19:59,-07:00,2025-10-17T20:19:59-07:00,1,6
global.js,30,js,9f50c678,sopannair,2025-10-17,20:19:59,-07:00,2025-10-17T20:19:59-07:00,1,0
global.js,31,js,9f50c678,sopannair,2025-10-17,20:19:59,-07:00,2025-10-17T20:19:59-07:00,0,0
global.js,32,js,9f50c678,sopannair,2025-10-17,20:19:59,-07:00,2025-10-17T20:19:59-07:00,0,0
global.js,33,js,9f50c678,sopannair,2025-10-17,20:19:59,-07:00,2025-10-17T20:19:59-07:00,0,60
global.js,34,js,9f50c678,sopannair,2025-10-17,20:19:59,-07:00,2025-10-17T20:19:59-07:00,0,0
global.js,35,js,9f50c678,sopannair,2025-10-17,20:19:59,-07:00,2025-10-17T20:19:59-07:00,0,34
global.js,36,js,9f50c678,sopannair,2025-10-17,20:19:59,-07:00,2025-10-17T20:19:59-07:00,1,43
global.js,37,js,9f50c678,sopannair,2025-10-17,20:19:59,-07:00,2025-10-17T20:19:59-07:00,1,70
global.js,38,js,9f50c678,sopannair,2025-10-17,20:19:59,-07:00,2025-10-17T20:19:59-07:00,1,50
global.js,39,js,9f50c678,sopannair,2025-10-17,20:19:59,-07:00,2025-10-17T20:19:59-07:00,0,0
global.js,40,js,9f50c678,sopannair,2025-10-17,20:19:59,-07:00,2025-10-17T20:19:59-07:00,0,0
global.js,41,js,9f50c678,sopannair,2025-10-17,20:19:59,-07:00,2025-10-17T20:19:59-07:00,0,0
global.js,42,js,9f50c678,sopannair,2025-10-17,20:19:59,-07:00,2025-10-17T20:19:59-07:00,0,43
global.js,43,js,9f50c678,sopannair,2025-10-17,20:19:59,-07:00,2025-10-17T20:19:59-07:00,1,35
global.js,44,js,9f50c678,sopannair,2025-10-17,20:19:59,-07:00,2025-10-17T20:19:59-07:00,1,48
global.js,45,js,9f50c678,sopannair,2025-10-17,20:19:59,-07:00,2025-10-17T20:19:59-07:00,0,0
global.js,46,js,9f50c678,sopannair,2025-10-17,20:19:59,-07:00,2025-10-17T20:19:59-07:00,1,37
global.js,47,js,9f50c678,sopannair,2025-10-17,20:19:59,-07:00,2025-10-17T20:19:59-07:00,1,68
global.js,48,js,9f50c678,sopannair,2025-10-17,20:19:59,-07:00,2025-10-17T20:19:59-07:00,0,0
global.js,49,js,9f50c678,sopannair,2025-10-17,20:19:59,-07:00,2025-10-17T20:19:59-07:00,1,41
global.js,50,js,9f50c678,sopannair,2025-10-17,20:19:59,-07:00,2025-10-17T20:19:59-07:00,1,35
global.js,51,js,9f50c678,sopannair,2025-10-17,20:19:59,-07:00,2025-10-17T20:19:59-07:00,0,1
global.js,52,js,9f50c678,sopannair,2025-10-17,20:19:59,-07:00,2025-10-17T20:19:59-07:00,0,0
global.js,53,js,f8dd208b,sopannair,2025-10-17,19:20:38,-07:00,2025-10-17T19:20:38-07:00,0,0
global.js,54,js,f8dd208b,sopannair,2025-10-17,19:20:38,-07:00,2025-10-17T19:20:38-07:00,0,11
global.js,55,js,f8dd208b,sopannair,2025-10-17,19:20:38,-07:00,2025-10-17T19:20:38-07:00,1,25
global.js,56,js,f8dd208b,sopannair,2025-10-17,19:20:38,-07:00,2025-10-17T19:20:38-07:00,1,38
global.js,57,js,f8dd208b,sopannair,2025-10-17,19:20:38,-07:00,2025-10-17T19:20:38-07:00,1,36
global.js,58,js,00000000,Not Committed Yet,2025-11-07,17:48:50,-08:00,2025-11-07T17:48:50-08:00,1,30
global.js,59,js,f8dd208b,sopannair,2025-10-17,19:20:38,-07:00,2025-10-17T19:20:38-07:00,1,25
global.js,60,js,f8dd208b,sopannair,2025-10-17,19:20:38,-07:00,2025-10-17T19:20:38-07:00,0,0
global.js,61,js,f8dd208b,sopannair,2025-10-17,19:20:38,-07:00,2025-10-17T19:20:38-07:00,0,0
global.js,62,js,f8dd208b,sopannair,2025-10-17,19:20:38,-07:00,2025-10-17T19:20:38-07:00,0,38
global.js,63,js,f8dd208b,sopannair,2025-10-17,19:20:38,-07:00,2025-10-17T19:20:38-07:00,0,25
global.js,64,js,f8dd208b,sopannair,2025-10-17,19:20:38,-07:00,2025-10-17T19:20:38-07:00,0,0
global.js,65,js,f8dd208b,sopannair,2025-10-17,19:20:38,-07:00,2025-10-17T19:20:38-07:00,0,20
global.js,66,js,f8dd208b,sopannair,2025-10-17,19:20:38,-07:00,2025-10-17T19:20:38-07:00,1,14
global.js,67,js,f8dd208b,sopannair,2025-10-17,19:20:38,-07:00,2025-10-17T19:20:38-07:00,1,18
global.js,68,js,4de84f68,sopannair,2025-10-24,23:27:10,-07:00,2025-10-24T23:27:10-07:00,0,0
global.js,69,js,4de84f68,sopannair,2025-10-24,23:27:10,-07:00,2025-10-24T23:27:10-07:00,1,49
global.js,70,js,f8dd208b,sopannair,2025-10-17,19:20:38,-07:00,2025-10-17T19:20:38-07:00,1,67
global.js,71,js,f8dd208b,sopannair,2025-10-17,19:20:38,-07:00,2025-10-17T19:20:38-07:00,0,0
global.js,72,js,f8dd208b,sopannair,2025-10-17,19:20:38,-07:00,2025-10-17T19:20:38-07:00,0,0
global.js,73,js,4de84f68,sopannair,2025-10-24,23:27:10,-07:00,2025-10-24T23:27:10-07:00,0,28
global.js,74,js,4de84f68,sopannair,2025-10-24,23:27:10,-07:00,2025-10-24T23:27:10-07:00,0,41
global.js,75,js,4de84f68,sopannair,2025-10-24,23:27:10,-07:00,2025-10-24T23:27:10-07:00,0,23
global.js,76,js,4de84f68,sopannair,2025-10-24,23:27:10,-07:00,2025-10-24T23:27:10-07:00,1,17
global.js,77,js,4de84f68,sopannair,2025-10-24,23:27:10,-07:00,2025-10-24T23:27:10-07:00,2,8
global.js,78,js,4de84f68,sopannair,2025-10-24,23:27:10,-07:00,2025-10-24T23:27:10-07:00,2,58
global.js,79,js,4de84f68,sopannair,2025-10-24,23:27:10,-07:00,2025-10-24T23:27:10-07:00,1,0
global.js,80,js,4de84f68,sopannair,2025-10-24,23:27:10,-07:00,2025-10-24T23:27:10-07:00,0,1
global.js,81,js,9f50c678,sopannair,2025-10-17,20:19:59,-07:00,2025-10-17T20:19:59-07:00,0,0
global.js,82,js,409571ad,sopannair,2025-10-24,22:15:13,-07:00,2025-10-24T22:15:13-07:00,0,36
global.js,83,js,409571ad,sopannair,2025-10-24,22:15:13,-07:00,2025-10-24T22:15:13-07:00,1,3
global.js,84,js,409571ad,sopannair,2025-10-24,22:15:13,-07:00,2025-10-24T22:15:13-07:00,2,39
global.js,85,js,409571ad,sopannair,2025-10-24,22:15:13,-07:00,2025-10-24T22:15:13-07:00,2,32
global.js,86,js,409571ad,sopannair,2025-10-24,22:15:13,-07:00,2025-10-24T22:15:13-07:00,2,17
global.js,87,js,409571ad,sopannair,2025-10-24,22:15:13,-07:00,2025-10-24T22:15:13-07:00,3,66
global.js,88,js,409571ad,sopannair,2025-10-24,22:15:13,-07:00,2025-10-24T22:15:13-07:00,2,0
global.js,89,js,409571ad,sopannair,2025-10-24,22:15:13,-07:00,2025-10-24T22:15:13-07:00,2,33
global.js,90,js,409571ad,sopannair,2025-10-24,22:15:13,-07:00,2025-10-24T22:15:13-07:00,2,10
global.js,91,js,409571ad,sopannair,2025-10-24,22:15:13,-07:00,2025-10-24T22:15:13-07:00,1,15
global.js,92,js,409571ad,sopannair,2025-10-24,22:15:13,-07:00,2025-10-24T22:15:13-07:00,2,59
global.js,93,js,409571ad,sopannair,2025-10-24,22:15:13,-07:00,2025-10-24T22:15:13-07:00,1,0
global.js,94,js,409571ad,sopannair,2025-10-24,22:15:13,-07:00,2025-10-24T22:15:13-07:00,0,0
global.js,95,js,409571ad,sopannair,2025-10-24,22:15:13,-07:00,2025-10-24T22:15:13-07:00,0,0
global.js,96,js,4de84f68,sopannair,2025-10-24,23:27:10,-07:00,2025-10-24T23:27:10-07:00,0,79
global.js,97,js,409571ad,sopannair,2025-10-24,22:15:13,-07:00,2025-10-24T22:15:13-07:00,1,30
global.js,98,js,409571ad,sopannair,2025-10-24,22:15:13,-07:00,2025-10-24T22:15:13-07:00,0,0
global.js,99,js,8be1a539,sopannair,2025-10-31,18:56:49,-07:00,2025-10-31T18:56:49-07:00,1,31
global.js,100,js,4de84f68,sopannair,2025-10-24,23:27:10,-07:00,2025-10-24T23:27:10-07:00,2,48
global.js,101,js,8be1a539,sopannair,2025-10-31,18:56:49,-07:00,2025-10-31T18:56:49-07:00,0,0
global.js,102,js,8be1a539,sopannair,2025-10-31,18:56:49,-07:00,2025-10-31T18:56:49-07:00,2,73
global.js,103,js,4de84f68,sopannair,2025-10-24,23:27:10,-07:00,2025-10-24T23:27:10-07:00,2,19
global.js,104,js,4de84f68,sopannair,2025-10-24,23:27:10,-07:00,2025-10-24T23:27:10-07:00,3,49
global.js,105,js,8be1a539,sopannair,2025-10-31,18:56:49,-07:00,2025-10-31T18:56:49-07:00,3,75
global.js,106,js,8be1a539,sopannair,2025-10-31,18:56:49,-07:00,2025-10-31T18:56:49-07:00,3,27
global.js,107,js,8be1a539,sopannair,2025-10-31,18:56:49,-07:00,2025-10-31T18:56:49-07:00,4,59
global.js,108,js,8be1a539,sopannair,2025-10-31,18:56:49,-07:00,2025-10-31T18:56:49-07:00,4,83
global.js,109,js,8be1a539,sopannair,2025-10-31,18:56:49,-07:00,2025-10-31T18:56:49-07:00,3,4
global.js,110,js,4de84f68,sopannair,2025-10-24,23:27:10,-07:00,2025-10-24T23:27:10-07:00,2,0
global.js,111,js,8be1a539,sopannair,2025-10-31,18:56:49,-07:00,2025-10-31T18:56:49-07:00,0,0
global.js,112,js,4de84f68,sopannair,2025-10-24,23:27:10,-07:00,2025-10-24T23:27:10-07:00,2,36
global.js,113,js,8be1a539,sopannair,2025-10-31,18:56:49,-07:00,2025-10-31T18:56:49-07:00,1,0
global.js,114,js,4de84f68,sopannair,2025-10-24,23:27:10,-07:00,2025-10-24T23:27:10-07:00,0,0
global.js,115,js,409571ad,sopannair,2025-10-24,22:15:13,-07:00,2025-10-24T22:15:13-07:00,0,0
global.js,116,js,8be1a539,sopannair,2025-10-31,18:56:49,-07:00,2025-10-31T18:56:49-07:00,0,0
global.js,117,js,4de84f68,sopannair,2025-10-24,23:27:10,-07:00,2025-10-24T23:27:10-07:00,0,33
global.js,118,js,4de84f68,sopannair,2025-10-24,23:27:10,-07:00,2025-10-24T23:27:10-07:00,0,47
global.js,119,js,4de84f68,sopannair,2025-10-24,23:27:10,-07:00,2025-10-24T23:27:10-07:00,1,67
global.js,120,js,4de84f68,sopannair,2025-10-24,23:27:10,-07:00,2025-10-24T23:27:10-07:00,1,59
global.js,121,js,409571ad,sopannair,2025-10-24,22:15:13,-07:00,2025-10-24T22:15:13-07:00,0,0
projects/projects.js,1,js,63892eb7,sopannair,2025-10-24,23:44:41,-07:00,2025-10-24T23:44:41-07:00,0,55
projects/projects.js,2,js,8be1a539,sopannair,2025-10-31,18:56:49,-07:00,2025-10-31T18:56:49-07:00,0,63
projects/projects.js,3,js,409571ad,sopannair,2025-10-24,22:15:13,-07:00,2025-10-24T22:15:13-07:00,0,0
projects/projects.js,4,js,8be1a539,sopannair,2025-10-31,18:56:49,-07:00,2025-10-31T18:56:49-07:00,0,60
projects/projects.js,5,js,8be1a539,sopannair,2025-10-31,18:56:49,-07:00,2025-10-31T18:56:49-07:00,0,73
projects/projects.js,6,js,8be1a539,sopannair,2025-10-31,18:56:49,-07:00,2025-10-31T18:56:49-07:00,0,47
projects/projects.js,7,js,4de84f68,sopannair,2025-10-24,23:27:10,-07:00,2025-10-24T23:27:10-07:00,0,0
projects/projects.js,8,js,8be1a539,sopannair,2025-10-31,18:56:49,-07:00,2025-10-31T18:56:49-07:00,0,50
projects/projects.js,9,js,8be1a539,sopannair,2025-10-31,18:56:49,-07:00,2025-10-31T18:56:49-07:00,0,55
projects/projects.js,10,js,8be1a539,sopannair,2025-10-31,18:56:49,-07:00,2025-10-31T18:56:49-07:00,0,60
projects/projects.js,11,js,8be1a539,sopannair,2025-10-31,18:56:49,-07:00,2025-10-31T18:56:49-07:00,0,48
projects/projects.js,12,js,8be1a539,sopannair,2025-10-31,18:56:49,-07:00,2025-10-31T18:56:49-07:00,0,0
projects/projects.js,13,js,8be1a539,sopannair,2025-10-31,18:56:49,-07:00,2025-10-31T18:56:49-07:00,0,57
projects/projects.js,14,js,8be1a539,sopannair,2025-10-31,18:56:49,-07:00,2025-10-31T18:56:49-07:00,0,20
projects/projects.js,15,js,8be1a539,sopannair,2025-10-31,18:56:49,-07:00,2025-10-31T18:56:49-07:00,1,36
projects/projects.js,16,js,8be1a539,sopannair,2025-10-31,18:56:49,-07:00,2025-10-31T18:56:49-07:00,1,25
projects/projects.js,17,js,8be1a539,sopannair,2025-10-31,18:56:49,-07:00,2025-10-31T18:56:49-07:00,2,46
projects/projects.js,18,js,8be1a539,sopannair,2025-10-31,18:56:49,-07:00,2025-10-31T18:56:49-07:00,2,52
projects/projects.js,19,js,8be1a539,sopannair,2025-10-31,18:56:49,-07:00,2025-10-31T18:56:49-07:00,2,34
projects/projects.js,20,js,8be1a539,sopannair,2025-10-31,18:56:49,-07:00,2025-10-31T18:56:49-07:00,1,0
projects/projects.js,21,js,4de84f68,sopannair,2025-10-24,23:27:10,-07:00,2025-10-24T23:27:10-07:00,0,0
projects/projects.js,22,js,4de84f68,sopannair,2025-10-24,23:27:10,-07:00,2025-10-24T23:27:10-07:00,0,0
projects/projects.js,23,js,8be1a539,sopannair,2025-10-31,18:56:49,-07:00,2025-10-31T18:56:49-07:00,0,67
projects/projects.js,24,js,8be1a539,sopannair,2025-10-31,18:56:49,-07:00,2025-10-31T18:56:49-07:00,0,38
projects/projects.js,25,js,8be1a539,sopannair,2025-10-31,18:56:49,-07:00,2025-10-31T18:56:49-07:00,1,42
projects/projects.js,26,js,8be1a539,sopannair,2025-10-31,18:56:49,-07:00,2025-10-31T18:56:49-07:00,1,34
projects/projects.js,27,js,8be1a539,sopannair,2025-10-31,18:56:49,-07:00,2025-10-31T18:56:49-07:00,1,40
projects/projects.js,28,js,8be1a539,sopannair,2025-10-31,18:56:49,-07:00,2025-10-31T18:56:49-07:00,0,0
projects/projects.js,29,js,8be1a539,sopannair,2025-10-31,18:56:49,-07:00,2025-10-31T18:56:49-07:00,1,23
projects/projects.js,30,js,8be1a539,sopannair,2025-10-31,18:56:49,-07:00,2025-10-31T18:56:49-07:00,1,24
projects/projects.js,31,js,8be1a539,sopannair,2025-10-31,18:56:49,-07:00,2025-10-31T18:56:49-07:00,2,12
projects/projects.js,32,js,8be1a539,sopannair,2025-10-31,18:56:49,-07:00,2025-10-31T18:56:49-07:00,2,12
projects/projects.js,33,js,8be1a539,sopannair,2025-10-31,18:56:49,-07:00,2025-10-31T18:56:49-07:00,2,30
projects/projects.js,34,js,8be1a539,sopannair,2025-10-31,18:56:49,-07:00,2025-10-31T18:56:49-07:00,1,0
projects/projects.js,35,js,8be1a539,sopannair,2025-10-31,18:56:49,-07:00,2025-10-31T18:56:49-07:00,0,0
projects/projects.js,36,js,8be1a539,sopannair,2025-10-31,18:56:49,-07:00,2025-10-31T18:56:49-07:00,1,41
projects/projects.js,37,js,8be1a539,sopannair,2025-10-31,18:56:49,-07:00,2025-10-31T18:56:49-07:00,1,49
projects/projects.js,38,js,8be1a539,sopannair,2025-10-31,18:56:49,-07:00,2025-10-31T18:56:49-07:00,0,0
projects/projects.js,39,js,8be1a539,sopannair,2025-10-31,18:56:49,-07:00,2025-10-31T18:56:49-07:00,1,48
projects/projects.js,40,js,8be1a539,sopannair,2025-10-31,18:56:49,-07:00,2025-10-31T18:56:49-07:00,1,74
projects/projects.js,41,js,8be1a539,sopannair,2025-10-31,18:56:49,-07:00,2025-10-31T18:56:49-07:00,1,49
projects/projects.js,42,js,8be1a539,sopannair,2025-10-31,18:56:49,-07:00,2025-10-31T18:56:49-07:00,0,0
projects/projects.js,43,js,8be1a539,sopannair,2025-10-31,18:56:49,-07:00,2025-10-31T18:56:49-07:00,1,31
projects/projects.js,44,js,8be1a539,sopannair,2025-10-31,18:56:49,-07:00,2025-10-31T18:56:49-07:00,1,52
projects/projects.js,45,js,8be1a539,sopannair,2025-10-31,18:56:49,-07:00,2025-10-31T18:56:49-07:00,1,26
projects/projects.js,46,js,8be1a539,sopannair,2025-10-31,18:56:49,-07:00,2025-10-31T18:56:49-07:00,0,0
projects/projects.js,47,js,8be1a539,sopannair,2025-10-31,18:56:49,-07:00,2025-10-31T18:56:49-07:00,1,50
projects/projects.js,48,js,8be1a539,sopannair,2025-10-31,18:56:49,-07:00,2025-10-31T18:56:49-07:00,0,0
projects/projects.js,49,js,8be1a539,sopannair,2025-10-31,18:56:49,-07:00,2025-10-31T18:56:49-07:00,1,64
projects/projects.js,50,js,8be1a539,sopannair,2025-10-31,18:56:49,-07:00,2025-10-31T18:56:49-07:00,1,26
projects/projects.js,51,js,8be1a539,sopannair,2025-10-31,18:56:49,-07:00,2025-10-31T18:56:49-07:00,1,29
projects/projects.js,52,js,8be1a539,sopannair,2025-10-31,18:56:49,-07:00,2025-10-31T18:56:49-07:00,0,0
projects/projects.js,53,js,8be1a539,sopannair,2025-10-31,18:56:49,-07:00,2025-10-31T18:56:49-07:00,1,7
projects/projects.js,54,js,8be1a539,sopannair,2025-10-31,18:56:49,-07:00,2025-10-31T18:56:49-07:00,1,55
projects/projects.js,55,js,8be1a539,sopannair,2025-10-31,18:56:49,-07:00,2025-10-31T18:56:49-07:00,1,29
projects/projects.js,56,js,8be1a539,sopannair,2025-10-31,18:56:49,-07:00,2025-10-31T18:56:49-07:00,2,29
projects/projects.js,57,js,8be1a539,sopannair,2025-10-31,18:56:49,-07:00,2025-10-31T18:56:49-07:00,2,36
projects/projects.js,58,js,8be1a539,sopannair,2025-10-31,18:56:49,-07:00,2025-10-31T18:56:49-07:00,0,0
projects/projects.js,59,js,8be1a539,sopannair,2025-10-31,18:56:49,-07:00,2025-10-31T18:56:49-07:00,1,12
projects/projects.js,60,js,8be1a539,sopannair,2025-10-31,18:56:49,-07:00,2025-10-31T18:56:49-07:00,1,19
projects/projects.js,61,js,8be1a539,sopannair,2025-10-31,18:56:49,-07:00,2025-10-31T18:56:49-07:00,2,12
projects/projects.js,62,js,8be1a539,sopannair,2025-10-31,18:56:49,-07:00,2025-10-31T18:56:49-07:00,2,11
projects/projects.js,63,js,8be1a539,sopannair,2025-10-31,18:56:49,-07:00,2025-10-31T18:56:49-07:00,3,21
projects/projects.js,64,js,8be1a539,sopannair,2025-10-31,18:56:49,-07:00,2025-10-31T18:56:49-07:00,3,37
projects/projects.js,65,js,8be1a539,sopannair,2025-10-31,18:56:49,-07:00,2025-10-31T18:56:49-07:00,3,66
projects/projects.js,66,js,8be1a539,sopannair,2025-10-31,18:56:49,-07:00,2025-10-31T18:56:49-07:00,3,26
projects/projects.js,67,js,8be1a539,sopannair,2025-10-31,18:56:49,-07:00,2025-10-31T18:56:49-07:00,4,17
projects/projects.js,68,js,8be1a539,sopannair,2025-10-31,18:56:49,-07:00,2025-10-31T18:56:49-07:00,4,57
projects/projects.js,69,js,8be1a539,sopannair,2025-10-31,18:56:49,-07:00,2025-10-31T18:56:49-07:00,0,0
projects/projects.js,70,js,8be1a539,sopannair,2025-10-31,18:56:49,-07:00,2025-10-31T18:56:49-07:00,4,21
projects/projects.js,71,js,8be1a539,sopannair,2025-10-31,18:56:49,-07:00,2025-10-31T18:56:49-07:00,4,19
projects/projects.js,72,js,8be1a539,sopannair,2025-10-31,18:56:49,-07:00,2025-10-31T18:56:49-07:00,5,69
projects/projects.js,73,js,8be1a539,sopannair,2025-10-31,18:56:49,-07:00,2025-10-31T18:56:49-07:00,0,0
projects/projects.js,74,js,8be1a539,sopannair,2025-10-31,18:56:49,-07:00,2025-10-31T18:56:49-07:00,4,45
projects/projects.js,75,js,8be1a539,sopannair,2025-10-31,18:56:49,-07:00,2025-10-31T18:56:49-07:00,4,27
projects/projects.js,76,js,8be1a539,sopannair,2025-10-31,18:56:49,-07:00,2025-10-31T18:56:49-07:00,5,50
projects/projects.js,77,js,8be1a539,sopannair,2025-10-31,18:56:49,-07:00,2025-10-31T18:56:49-07:00,0,0
projects/projects.js,78,js,8be1a539,sopannair,2025-10-31,18:56:49,-07:00,2025-10-31T18:56:49-07:00,4,52
projects/projects.js,79,js,8be1a539,sopannair,2025-10-31,18:56:49,-07:00,2025-10-31T18:56:49-07:00,4,25
projects/projects.js,80,js,8be1a539,sopannair,2025-10-31,18:56:49,-07:00,2025-10-31T18:56:49-07:00,5,48
projects/projects.js,81,js,8be1a539,sopannair,2025-10-31,18:56:49,-07:00,2025-10-31T18:56:49-07:00,5,23
projects/projects.js,82,js,8be1a539,sopannair,2025-10-31,18:56:49,-07:00,2025-10-31T18:56:49-07:00,4,6
projects/projects.js,83,js,8be1a539,sopannair,2025-10-31,18:56:49,-07:00,2025-10-31T18:56:49-07:00,5,56
projects/projects.js,84,js,8be1a539,sopannair,2025-10-31,18:56:49,-07:00,2025-10-31T18:56:49-07:00,5,77
projects/projects.js,85,js,8be1a539,sopannair,2025-10-31,18:56:49,-07:00,2025-10-31T18:56:49-07:00,5,48
projects/projects.js,86,js,8be1a539,sopannair,2025-10-31,18:56:49,-07:00,2025-10-31T18:56:49-07:00,5,23
projects/projects.js,87,js,8be1a539,sopannair,2025-10-31,18:56:49,-07:00,2025-10-31T18:56:49-07:00,4,0
projects/projects.js,88,js,8be1a539,sopannair,2025-10-31,18:56:49,-07:00,2025-10-31T18:56:49-07:00,3,0
projects/projects.js,89,js,8be1a539,sopannair,2025-10-31,18:56:49,-07:00,2025-10-31T18:56:49-07:00,2,14
projects/projects.js,90,js,8be1a539,sopannair,2025-10-31,18:56:49,-07:00,2025-10-31T18:56:49-07:00,3,45
projects/projects.js,91,js,8be1a539,sopannair,2025-10-31,18:56:49,-07:00,2025-10-31T18:56:49-07:00,0,0
projects/projects.js,92,js,8be1a539,sopannair,2025-10-31,18:56:49,-07:00,2025-10-31T18:56:49-07:00,1,13
projects/projects.js,93,js,8be1a539,sopannair,2025-10-31,18:56:49,-07:00,2025-10-31T18:56:49-07:00,1,17
projects/projects.js,94,js,8be1a539,sopannair,2025-10-31,18:56:49,-07:00,2025-10-31T18:56:49-07:00,2,17
projects/projects.js,95,js,8be1a539,sopannair,2025-10-31,18:56:49,-07:00,2025-10-31T18:56:49-07:00,3,28
projects/projects.js,96,js,8be1a539,sopannair,2025-10-31,18:56:49,-07:00,2025-10-31T18:56:49-07:00,3,41
projects/projects.js,97,js,8be1a539,sopannair,2025-10-31,18:56:49,-07:00,2025-10-31T18:56:49-07:00,3,77
projects/projects.js,98,js,8be1a539,sopannair,2025-10-31,18:56:49,-07:00,2025-10-31T18:56:49-07:00,1,1
projects/projects.js,99,js,8be1a539,sopannair,2025-10-31,18:56:49,-07:00,2025-10-31T18:56:49-07:00,0,0
projects/projects.js,100,js,8be1a539,sopannair,2025-10-31,18:56:49,-07:00,2025-10-31T18:56:49-07:00,0,0
projects/projects.js,101,js,8be1a539,sopannair,2025-10-31,18:56:49,-07:00,2025-10-31T18:56:49-07:00,0,49
projects/projects.js,102,js,8be1a539,sopannair,2025-10-31,18:56:49,-07:00,2025-10-31T18:56:49-07:00,0,23
projects/projects.js,103,js,8be1a539,sopannair,2025-10-31,18:56:49,-07:00,2025-10-31T18:56:49-07:00,0,0
projects/projects.js,104,js,8be1a539,sopannair,2025-10-31,18:56:49,-07:00,2025-10-31T18:56:49-07:00,0,97
projects/projects.js,105,js,8be1a539,sopannair,2025-10-31,18:56:49,-07:00,2025-10-31T18:56:49-07:00,0,55
projects/projects.js,106,js,8be1a539,sopannair,2025-10-31,18:56:49,-07:00,2025-10-31T18:56:49-07:00,0,50
projects/projects.js,107,js,8be1a539,sopannair,2025-10-31,18:56:49,-07:00,2025-10-31T18:56:49-07:00,1,39
projects/projects.js,108,js,8be1a539,sopannair,2025-10-31,18:56:49,-07:00,2025-10-31T18:56:49-07:00,1,17
projects/projects.js,109,js,8be1a539,sopannair,2025-10-31,18:56:49,-07:00,2025-10-31T18:56:49-07:00,0,0
projects/projects.js,110,js,8be1a539,sopannair,2025-10-31,18:56:49,-07:00,2025-10-31T18:56:49-07:00,1,44
projects/projects.js,111,js,8be1a539,sopannair,2025-10-31,18:56:49,-07:00,2025-10-31T18:56:49-07:00,1,48
projects/projects.js,112,js,8be1a539,sopannair,2025-10-31,18:56:49,-07:00,2025-10-31T18:56:49-07:00,1,23
projects/projects.js,113,js,8be1a539,sopannair,2025-10-31,18:56:49,-07:00,2025-10-31T18:56:49-07:00,0,1
projects/index.html,1,html,c2ef205f,sopannair,2025-10-03,22:14:53,-07:00,2025-10-03T22:14:53-07:00,0,13
projects/index.html,2,html,c2ef205f,sopannair,2025-10-03,22:14:53,-07:00,2025-10-03T22:14:53-07:00,0,14
projects/index.html,3,html,da86c11b,sopannair,2025-10-03,22:33:55,-07:00,2025-10-03T22:33:55-07:00,0,4
projects/index.html,4,html,63892eb7,sopannair,2025-10-24,23:44:41,-07:00,2025-10-24T23:44:41-07:00,1,22
projects/index.html,5,html,63892eb7,sopannair,2025-10-24,23:44:41,-07:00,2025-10-24T23:44:41-07:00,1,70
projects/index.html,6,html,da86c11b,sopannair,2025-10-03,22:33:55,-07:00,2025-10-03T22:33:55-07:00,1,34
projects/index.html,7,html,63892eb7,sopannair,2025-10-24,23:44:41,-07:00,2025-10-24T23:44:41-07:00,1,43
projects/index.html,8,html,da86c11b,sopannair,2025-10-03,22:33:55,-07:00,2025-10-03T22:33:55-07:00,0,5
projects/index.html,9,html,da86c11b,sopannair,2025-10-03,22:33:55,-07:00,2025-10-03T22:33:55-07:00,0,4
projects/index.html,10,html,4de84f68,sopannair,2025-10-24,23:27:10,-07:00,2025-10-24T23:27:10-07:00,1,38
projects/index.html,11,html,4de84f68,sopannair,2025-10-24,23:27:10,-07:00,2025-10-24T23:27:10-07:00,0,0
projects/index.html,12,html,8be1a539,sopannair,2025-10-31,18:56:49,-07:00,2025-10-31T18:56:49-07:00,1,21
projects/index.html,13,html,8be1a539,sopannair,2025-10-31,18:56:49,-07:00,2025-10-31T18:56:49-07:00,1,58
projects/index.html,14,html,8be1a539,sopannair,2025-10-31,18:56:49,-07:00,2025-10-31T18:56:49-07:00,1,22
projects/index.html,15,html,8be1a539,sopannair,2025-10-31,18:56:49,-07:00,2025-10-31T18:56:49-07:00,1,4
projects/index.html,16,html,8be1a539,sopannair,2025-10-31,18:56:49,-07:00,2025-10-31T18:56:49-07:00,1,0
projects/index.html,17,html,8be1a539,sopannair,2025-10-31,18:56:49,-07:00,2025-10-31T18:56:49-07:00,1,4
projects/index.html,18,html,8be1a539,sopannair,2025-10-31,18:56:49,-07:00,2025-10-31T18:56:49-07:00,1,15
projects/index.html,19,html,8be1a539,sopannair,2025-10-31,18:56:49,-07:00,2025-10-31T18:56:49-07:00,1,11
projects/index.html,20,html,8be1a539,sopannair,2025-10-31,18:56:49,-07:00,2025-10-31T18:56:49-07:00,1,26
projects/index.html,21,html,8be1a539,sopannair,2025-10-31,18:56:49,-07:00,2025-10-31T18:56:49-07:00,1,31
projects/index.html,22,html,8be1a539,sopannair,2025-10-31,18:56:49,-07:00,2025-10-31T18:56:49-07:00,0,0
projects/index.html,23,html,8be1a539,sopannair,2025-10-31,18:56:49,-07:00,2025-10-31T18:56:49-07:00,0,0
projects/index.html,24,html,63892eb7,sopannair,2025-10-24,23:44:41,-07:00,2025-10-24T23:44:41-07:00,1,38
projects/index.html,25,html,63892eb7,sopannair,2025-10-24,23:44:41,-07:00,2025-10-24T23:44:41-07:00,1,34
projects/index.html,26,html,88d23a6b,sopannair,2025-10-10,22:39:16,-07:00,2025-10-10T22:39:16-07:00,0,0
projects/index.html,27,html,8be1a539,sopannair,2025-10-31,18:56:49,-07:00,2025-10-31T18:56:49-07:00,0,0
projects/index.html,28,html,63892eb7,sopannair,2025-10-24,23:44:41,-07:00,2025-10-24T23:44:41-07:00,1,40
projects/index.html,29,html,63892eb7,sopannair,2025-10-24,23:44:41,-07:00,2025-10-24T23:44:41-07:00,1,48
projects/index.html,30,html,63892eb7,sopannair,2025-10-24,23:44:41,-07:00,2025-10-24T23:44:41-07:00,1,49
projects/index.html,31,html,da86c11b,sopannair,2025-10-03,22:33:55,-07:00,2025-10-03T22:33:55-07:00,0,5
projects/index.html,32,html,da86c11b,sopannair,2025-10-03,22:33:55,-07:00,2025-10-03T22:33:55-07:00,0,5
projects/index.html,33,html,63892eb7,sopannair,2025-10-24,23:44:41,-07:00,2025-10-24T23:44:41-07:00,0,0
cv/index.html,1,html,88d23a6b,sopannair,2025-10-10,22:39:16,-07:00,2025-10-10T22:39:16-07:00,0,13
cv/index.html,2,html,88d23a6b,sopannair,2025-10-10,22:39:16,-07:00,2025-10-10T22:39:16-07:00,0,14
cv/index.html,3,html,88d23a6b,sopannair,2025-10-10,22:39:16,-07:00,2025-10-10T22:39:16-07:00,0,4
cv/index.html,4,html,88d23a6b,sopannair,2025-10-10,22:39:16,-07:00,2025-10-10T22:39:16-07:00,1,20
cv/index.html,5,html,88d23a6b,sopannair,2025-10-10,22:39:16,-07:00,2025-10-10T22:39:16-07:00,1,68
cv/index.html,6,html,88d23a6b,sopannair,2025-10-10,22:39:16,-07:00,2025-10-10T22:39:16-07:00,1,28
cv/index.html,7,html,88d23a6b,sopannair,2025-10-10,22:39:16,-07:00,2025-10-10T22:39:16-07:00,1,41
cv/index.html,8,html,88d23a6b,sopannair,2025-10-10,22:39:16,-07:00,2025-10-10T22:39:16-07:00,0,5
cv/index.html,9,html,88d23a6b,sopannair,2025-10-10,22:39:16,-07:00,2025-10-10T22:39:16-07:00,0,4
cv/index.html,10,html,f8dd208b,sopannair,2025-10-17,19:20:38,-07:00,2025-10-17T19:20:38-07:00,0,0
cv/index.html,11,html,88d23a6b,sopannair,2025-10-10,22:39:16,-07:00,2025-10-10T22:39:16-07:00,0,0
cv/index.html,12,html,88d23a6b,sopannair,2025-10-10,22:39:16,-07:00,2025-10-10T22:39:16-07:00,1,23
cv/index.html,13,html,88d23a6b,sopannair,2025-10-10,22:39:16,-07:00,2025-10-10T22:39:16-07:00,0,0
cv/index.html,14,html,88d23a6b,sopannair,2025-10-10,22:39:16,-07:00,2025-10-10T22:39:16-07:00,1,24
cv/index.html,15,html,88d23a6b,sopannair,2025-10-10,22:39:16,-07:00,2025-10-10T22:39:16-07:00,2,7
cv/index.html,16,html,88d23a6b,sopannair,2025-10-10,22:39:16,-07:00,2025-10-10T22:39:16-07:00,3,55
cv/index.html,17,html,88d23a6b,sopannair,2025-10-10,22:39:16,-07:00,2025-10-10T22:39:16-07:00,3,96
cv/index.html,18,html,88d23a6b,sopannair,2025-10-10,22:39:16,-07:00,2025-10-10T22:39:16-07:00,4,69
cv/index.html,19,html,88d23a6b,sopannair,2025-10-10,22:39:16,-07:00,2025-10-10T22:39:16-07:00,3,2
cv/index.html,20,html,88d23a6b,sopannair,2025-10-10,22:39:16,-07:00,2025-10-10T22:39:16-07:00,4,87
cv/index.html,21,html,88d23a6b,sopannair,2025-10-10,22:39:16,-07:00,2025-10-10T22:39:16-07:00,4,51
cv/index.html,22,html,88d23a6b,sopannair,2025-10-10,22:39:16,-07:00,2025-10-10T22:39:16-07:00,3,3
cv/index.html,23,html,88d23a6b,sopannair,2025-10-10,22:39:16,-07:00,2025-10-10T22:39:16-07:00,2,8
cv/index.html,24,html,88d23a6b,sopannair,2025-10-10,22:39:16,-07:00,2025-10-10T22:39:16-07:00,0,0
cv/index.html,25,html,88d23a6b,sopannair,2025-10-10,22:39:16,-07:00,2025-10-10T22:39:16-07:00,2,7
cv/index.html,26,html,88d23a6b,sopannair,2025-10-10,22:39:16,-07:00,2025-10-10T22:39:16-07:00,3,26
cv/index.html,27,html,88d23a6b,sopannair,2025-10-10,22:39:16,-07:00,2025-10-10T22:39:16-07:00,3,67
cv/index.html,28,html,88d23a6b,sopannair,2025-10-10,22:39:16,-07:00,2025-10-10T22:39:16-07:00,4,67
cv/index.html,29,html,88d23a6b,sopannair,2025-10-10,22:39:16,-07:00,2025-10-10T22:39:16-07:00,4,65
cv/index.html,30,html,88d23a6b,sopannair,2025-10-10,22:39:16,-07:00,2025-10-10T22:39:16-07:00,4,79
cv/index.html,31,html,88d23a6b,sopannair,2025-10-10,22:39:16,-07:00,2025-10-10T22:39:16-07:00,4,17
cv/index.html,32,html,88d23a6b,sopannair,2025-10-10,22:39:16,-07:00,2025-10-10T22:39:16-07:00,3,2
cv/index.html,33,html,88d23a6b,sopannair,2025-10-10,22:39:16,-07:00,2025-10-10T22:39:16-07:00,4,49
cv/index.html,34,html,88d23a6b,sopannair,2025-10-10,22:39:16,-07:00,2025-10-10T22:39:16-07:00,4,45
cv/index.html,35,html,88d23a6b,sopannair,2025-10-10,22:39:16,-07:00,2025-10-10T22:39:16-07:00,3,3
cv/index.html,36,html,88d23a6b,sopannair,2025-10-10,22:39:16,-07:00,2025-10-10T22:39:16-07:00,2,8
cv/index.html,37,html,88d23a6b,sopannair,2025-10-10,22:39:16,-07:00,2025-10-10T22:39:16-07:00,0,0
cv/index.html,38,html,88d23a6b,sopannair,2025-10-10,22:39:16,-07:00,2025-10-10T22:39:16-07:00,2,7
cv/index.html,39,html,88d23a6b,sopannair,2025-10-10,22:39:16,-07:00,2025-10-10T22:39:16-07:00,3,43
cv/index.html,40,html,88d23a6b,sopannair,2025-10-10,22:39:16,-07:00,2025-10-10T22:39:16-07:00,3,102
cv/index.html,41,html,88d23a6b,sopannair,2025-10-10,22:39:16,-07:00,2025-10-10T22:39:16-07:00,4,65
cv/index.html,42,html,88d23a6b,sopannair,2025-10-10,22:39:16,-07:00,2025-10-10T22:39:16-07:00,2,8
cv/index.html,43,html,88d23a6b,sopannair,2025-10-10,22:39:16,-07:00,2025-10-10T22:39:16-07:00,0,0
cv/index.html,44,html,88d23a6b,sopannair,2025-10-10,22:39:16,-07:00,2025-10-10T22:39:16-07:00,2,7
cv/index.html,45,html,88d23a6b,sopannair,2025-10-10,22:39:16,-07:00,2025-10-10T22:39:16-07:00,3,22
cv/index.html,46,html,88d23a6b,sopannair,2025-10-10,22:39:16,-07:00,2025-10-10T22:39:16-07:00,3,2
cv/index.html,47,html,88d23a6b,sopannair,2025-10-10,22:39:16,-07:00,2025-10-10T22:39:16-07:00,4,36
cv/index.html,48,html,88d23a6b,sopannair,2025-10-10,22:39:16,-07:00,2025-10-10T22:39:16-07:00,4,26
cv/index.html,49,html,88d23a6b,sopannair,2025-10-10,22:39:16,-07:00,2025-10-10T22:39:16-07:00,4,44
cv/index.html,50,html,88d23a6b,sopannair,2025-10-10,22:39:16,-07:00,2025-10-10T22:39:16-07:00,3,3
cv/index.html,51,html,88d23a6b,sopannair,2025-10-10,22:39:16,-07:00,2025-10-10T22:39:16-07:00,2,8
cv/index.html,52,html,88d23a6b,sopannair,2025-10-10,22:39:16,-07:00,2025-10-10T22:39:16-07:00,0,0
cv/index.html,53,html,88d23a6b,sopannair,2025-10-10,22:39:16,-07:00,2025-10-10T22:39:16-07:00,2,7
cv/index.html,54,html,88d23a6b,sopannair,2025-10-10,22:39:16,-07:00,2025-10-10T22:39:16-07:00,3,38
cv/index.html,55,html,88d23a6b,sopannair,2025-10-10,22:39:16,-07:00,2025-10-10T22:39:16-07:00,3,86
cv/index.html,56,html,88d23a6b,sopannair,2025-10-10,22:39:16,-07:00,2025-10-10T22:39:16-07:00,3,2
cv/index.html,57,html,88d23a6b,sopannair,2025-10-10,22:39:16,-07:00,2025-10-10T22:39:16-07:00,4,46
cv/index.html,58,html,88d23a6b,sopannair,2025-10-10,22:39:16,-07:00,2025-10-10T22:39:16-07:00,4,42
cv/index.html,59,html,88d23a6b,sopannair,2025-10-10,22:39:16,-07:00,2025-10-10T22:39:16-07:00,3,3
cv/index.html,60,html,88d23a6b,sopannair,2025-10-10,22:39:16,-07:00,2025-10-10T22:39:16-07:00,2,8
cv/index.html,61,html,88d23a6b,sopannair,2025-10-10,22:39:16,-07:00,2025-10-10T22:39:16-07:00,1,8
cv/index.html,62,html,b35ed9c7,sopannair,2025-10-17,18:37:46,-07:00,2025-10-17T18:37:46-07:00,1,48
cv/index.html,63,html,b35ed9c7,sopannair,2025-10-17,18:37:46,-07:00,2025-10-17T18:37:46-07:00,0,0
cv/index.html,64,html,88d23a6b,sopannair,2025-10-10,22:39:16,-07:00,2025-10-10T22:39:16-07:00,0,5
cv/index.html,65,html,88d23a6b,sopannair,2025-10-10,22:39:16,-07:00,2025-10-10T22:39:16-07:00,0,5
contact/index.html,1,html,c2ef205f,sopannair,2025-10-03,22:14:53,-07:00,2025-10-03T22:14:53-07:00,0,13
contact/index.html,2,html,c2ef205f,sopannair,2025-10-03,22:14:53,-07:00,2025-10-03T22:14:53-07:00,0,14
contact/index.html,3,html,f8dd208b,sopannair,2025-10-17,19:20:38,-07:00,2025-10-17T19:20:38-07:00,0,0
contact/index.html,4,html,da86c11b,sopannair,2025-10-03,22:33:55,-07:00,2025-10-03T22:33:55-07:00,0,4
contact/index.html,5,html,da86c11b,sopannair,2025-10-03,22:33:55,-07:00,2025-10-03T22:33:55-07:00,1,20
contact/index.html,6,html,da86c11b,sopannair,2025-10-03,22:33:55,-07:00,2025-10-03T22:33:55-07:00,1,20
contact/index.html,7,html,da86c11b,sopannair,2025-10-03,22:33:55,-07:00,2025-10-03T22:33:55-07:00,1,41
contact/index.html,8,html,da86c11b,sopannair,2025-10-03,22:33:55,-07:00,2025-10-03T22:33:55-07:00,0,5
contact/index.html,9,html,da86c11b,sopannair,2025-10-03,22:33:55,-07:00,2025-10-03T22:33:55-07:00,0,4
contact/index.html,10,html,88d23a6b,sopannair,2025-10-10,22:39:16,-07:00,2025-10-10T22:39:16-07:00,1,14
contact/index.html,11,html,da86c11b,sopannair,2025-10-03,22:33:55,-07:00,2025-10-03T22:33:55-07:00,0,0
contact/index.html,12,html,da86c11b,sopannair,2025-10-03,22:33:55,-07:00,2025-10-03T22:33:55-07:00,1,71
contact/index.html,13,html,da86c11b,sopannair,2025-10-03,22:33:55,-07:00,2025-10-03T22:33:55-07:00,2,5
contact/index.html,14,html,da86c11b,sopannair,2025-10-03,22:33:55,-07:00,2025-10-03T22:33:55-07:00,3,4
contact/index.html,15,html,da86c11b,sopannair,2025-10-03,22:33:55,-07:00,2025-10-03T22:33:55-07:00,3,40
contact/index.html,16,html,da86c11b,sopannair,2025-10-03,22:33:55,-07:00,2025-10-03T22:33:55-07:00,2,6
contact/index.html,17,html,da86c11b,sopannair,2025-10-03,22:33:55,-07:00,2025-10-03T22:33:55-07:00,2,6
contact/index.html,18,html,da86c11b,sopannair,2025-10-03,22:33:55,-07:00,2025-10-03T22:33:55-07:00,0,0
contact/index.html,19,html,da86c11b,sopannair,2025-10-03,22:33:55,-07:00,2025-10-03T22:33:55-07:00,2,5
contact/index.html,20,html,da86c11b,sopannair,2025-10-03,22:33:55,-07:00,2025-10-03T22:33:55-07:00,3,6
contact/index.html,21,html,da86c11b,sopannair,2025-10-03,22:33:55,-07:00,2025-10-03T22:33:55-07:00,3,20
contact/index.html,22,html,da86c11b,sopannair,2025-10-03,22:33:55,-07:00,2025-10-03T22:33:55-07:00,2,6
contact/index.html,23,html,da86c11b,sopannair,2025-10-03,22:33:55,-07:00,2025-10-03T22:33:55-07:00,2,6
contact/index.html,24,html,da86c11b,sopannair,2025-10-03,22:33:55,-07:00,2025-10-03T22:33:55-07:00,0,0
contact/index.html,25,html,da86c11b,sopannair,2025-10-03,22:33:55,-07:00,2025-10-03T22:33:55-07:00,2,5
contact/index.html,26,html,da86c11b,sopannair,2025-10-03,22:33:55,-07:00,2025-10-03T22:33:55-07:00,3,6
contact/index.html,27,html,da86c11b,sopannair,2025-10-03,22:33:55,-07:00,2025-10-03T22:33:55-07:00,3,59
contact/index.html,28,html,da86c11b,sopannair,2025-10-03,22:33:55,-07:00,2025-10-03T22:33:55-07:00,2,6
contact/index.html,29,html,da86c11b,sopannair,2025-10-03,22:33:55,-07:00,2025-10-03T22:33:55-07:00,2,6
contact/index.html,30,html,da86c11b,sopannair,2025-10-03,22:33:55,-07:00,2025-10-03T22:33:55-07:00,0,0
contact/index.html,31,html,da86c11b,sopannair,2025-10-03,22:33:55,-07:00,2025-10-03T22:33:55-07:00,2,19
contact/index.html,32,html,da86c11b,sopannair,2025-10-03,22:33:55,-07:00,2025-10-03T22:33:55-07:00,1,5
contact/index.html,33,html,b35ed9c7,sopannair,2025-10-17,18:37:46,-07:00,2025-10-17T18:37:46-07:00,1,48
contact/index.html,34,html,b35ed9c7,sopannair,2025-10-17,18:37:46,-07:00,2025-10-17T18:37:46-07:00,0,0
contact/index.html,35,html,da86c11b,sopannair,2025-10-03,22:33:55,-07:00,2025-10-03T22:33:55-07:00,0,5
contact/index.html,36,html,da86c11b,sopannair,2025-10-03,22:33:55,-07:00,2025-10-03T22:33:55-07:00,0,5
